19990104
19990105
19990106
19990107
19990108
19990111
19990112
19990113
19990114
19990115
19990118
19990119
19990120
19990121
19990122
19990125
19990126
19990127
19990128
19990129
19990201
19990202
19990203
19990204
19990205
19990208
19990209
19990210
19990211
19990212
19990217
19990218
19990219
19990222
19990223
19990224
19990225
19990226
19990301
19990302
19990303
19990304
19990305
19990308
19990309
19990310
19990311
19990312
19990315
19990316
19990317
19990318
19990319
19990322
19990323
19990324
19990325
19990326
19990329
19990330
19990331
19990405
19990406
19990407
19990408
19990409
19990412
19990413
19990414
19990415
19990416
19990419
19990420
19990422
19990423
19990426
19990427
19990428
19990429
19990430
19990503
19990504
19990505
19990506
19990507
19990510
19990511
19990512
19990513
19990514
19990517
19990518
19990519
19990520
19990521
19990524
19990525
19990526
19990527
19990528
19990531
19990601
19990602
19990604
19990607
19990608
19990609
19990610
19990611
19990614
19990615
19990616
19990617
19990618
19990621
19990622
19990623
19990624
19990625
19990628
19990629
19990630
19990701
19990702
19990705
19990706
19990707
19990708
19990709
19990712
19990713
19990714
19990715
19990716
19990719
19990720
19990721
19990722
19990723
19990726
19990727
19990728
19990729
19990730
19990802
19990803
19990804
19990805
19990806
19990809
19990810
19990811
19990812
19990813
19990816
19990817
19990818
19990819
19990820
19990823
19990824
19990825
19990826
19990827
19990830
19990831
19990901
19990902
19990903
19990906
19990908
19990909
19990910
19990913
19990914
19990915
19990916
19990917
19990920
19990921
19990922
19990923
19990924
19990927
19990928
19990929
19990930
19991001
19991004
19991005
19991006
19991007
19991008
19991011
19991013
19991014
19991015
19991018
19991019
19991020
19991021
19991022
19991025
19991026
19991027
19991028
19991029
19991101
19991103
19991104
19991105
19991108
19991109
19991110
19991111
19991112
19991116
19991117
19991118
19991119
19991122
19991123
19991124
19991125
19991126
19991129
19991130
19991201
19991202
19991203
19991206
19991207
19991208
19991209
19991210
19991213
19991214
19991215
19991216
19991217
19991220
19991221
19991222
19991223
19991224
19991227
19991228
19991229
19991230
19991231
20000103
20000104
20000105
20000106
20000107
20000110
20000111
20000112
20000113
20000114
20000117
20000118
20000119
20000120
20000121
20000124
20000125
20000126
20000127
20000128
20000131
20000201
20000202
20000203
20000204
20000207
20000208
20000209
20000210
20000211
20000214
20000215
20000216
20000217
20000218
20000221
20000222
20000223
20000224
20000225
20000228
20000229
20000301
20000302
20000303
20000308
20000309
20000310
20000313
20000314
20000315
20000316
20000317
20000320
20000321
20000322
20000323
20000324
20000327
20000328
20000329
20000330
20000331
20000403
20000404
20000405
20000406
20000407
20000410
20000411
20000412
20000413
20000414
20000417
20000418
20000419
20000420
20000424
20000425
20000426
20000427
20000428
20000502
20000503
20000504
20000505
20000508
20000509
20000510
20000511
20000512
20000515
20000516
20000517
20000518
20000519
20000522
20000523
20000524
20000525
20000526
20000529
20000530
20000531
20000601
20000602
20000605
20000606
20000607
20000608
20000609
20000612
20000613
20000614
20000615
20000616
20000619
20000620
20000621
20000623
20000626
20000627
20000628
20000629
20000630
20000703
20000704
20000705
20000706
20000707
20000710
20000711
20000712
20000713
20000714
20000717
20000718
20000719
20000720
20000721
20000724
20000725
20000726
20000727
20000728
20000731
20000801
20000802
20000803
20000804
20000807
20000808
20000809
20000810
20000811
20000814
20000815
20000816
20000817
20000818
20000821
20000822
20000823
20000824
20000825
20000828
20000829
20000830
20000831
20000901
20000904
20000905
20000906
20000908
20000911
20000912
20000913
20000914
20000915
20000918
20000919
20000920
20000921
20000922
20000925
20000926
20000927
20000928
20000929
20001002
20001003
20001004
20001005
20001006
20001009
20001010
20001011
20001013
20001016
20001017
20001018
20001019
20001020
20001023
20001024
20001025
20001026
20001027
20001030
20001031
20001101
20001103
20001106
20001107
20001108
20001109
20001110
20001113
20001114
20001116
20001117
20001120
20001121
20001122
20001123
20001124
20001127
20001128
20001129
20001130
20001201
20001204
20001205
20001206
20001207
20001208
20001211
20001212
20001213
20001214
20001215
20001218
20001219
20001220
20001221
20001222
20001226
20001227
20001228
20001229
20010102
20010103
20010104
20010105
20010108
20010109
20010110
20010111
20010112
20010115
20010116
20010117
20010118
20010119
20010122
20010123
20010124
20010125
20010126
20010129
20010130
20010131
20010201
20010202
20010205
20010206
20010207
20010208
20010209
20010212
20010213
20010214
20010215
20010216
20010219
20010220
20010221
20010222
20010223
20010228
20010301
20010302
20010305
20010306
20010307
20010308
20010309
20010312
20010313
20010314
20010315
20010316
20010319
20010320
20010321
20010322
20010323
20010326
20010327
20010328
20010329
20010330
20010402
20010403
20010404
20010405
20010406
20010409
20010410
20010411
20010412
20010416
20010417
20010418
20010419
20010420
20010423
20010424
20010425
20010426
20010427
20010430
20010502
20010503
20010504
20010507
20010508
20010509
20010510
20010511
20010514
20010515
20010516
20010517
20010518
20010521
20010522
20010523
20010524
20010525
20010528
20010529
20010530
20010531
20010601
20010604
20010605
20010606
20010607
20010608
20010611
20010612
20010613
20010615
20010618
20010619
20010620
20010621
20010622
20010625
20010626
20010627
20010628
20010629
20010702
20010703
20010704
20010705
20010706
20010709
20010710
20010711
20010712
20010713
20010716
20010717
20010718
20010719
20010720
20010723
20010724
20010725
20010726
20010727
20010730
20010731
20010801
20010802
20010803
20010806
20010807
20010808
20010809
20010810
20010813
20010814
20010815
20010816
20010817
20010820
20010821
20010822
20010823
20010824
20010827
20010828
20010829
20010830
20010831
20010903
20010904
20010905
20010906
20010910
20010911
20010912
20010913
20010914
20010917
20010918
20010919
20010920
20010921
20010924
20010925
20010926
20010927
20010928
20011001
20011002
20011003
20011004
20011005
20011008
20011009
20011010
20011011
20011015
20011016
20011017
20011018
20011019
20011022
20011023
20011024
20011025
20011026
20011029
20011030
20011031
20011101
20011105
20011106
20011107
20011108
20011109
20011112
20011113
20011114
20011116
20011119
20011120
20011121
20011122
20011123
20011126
20011127
20011128
20011129
20011130
20011203
20011204
20011205
20011206
20011207
20011210
20011211
20011212
20011213
20011214
20011217
20011218
20011219
20011220
20011221
20011224
20011226
20011227
20011228
20011231
20020102
20020103
20020104
20020107
20020108
20020109
20020110
20020111
20020114
20020115
20020116
20020117
20020118
20020121
20020122
20020123
20020124
20020125
20020128
20020129
20020130
20020131
20020201
20020204
20020205
20020206
20020207
20020208
20020213
20020214
20020215
20020218
20020219
20020220
20020221
20020222
20020225
20020226
20020227
20020228
20020301
20020304
20020305
20020306
20020307
20020308
20020311
20020312
20020313
20020314
20020315
20020318
20020319
20020320
20020321
20020322
20020325
20020326
20020327
20020328
20020401
20020402
20020403
20020404
20020405
20020408
20020409
20020410
20020411
20020412
20020415
20020416
20020417
20020418
20020419
20020422
20020423
20020424
20020425
20020426
20020429
20020430
20020502
20020503
20020506
20020507
20020508
20020509
20020510
20020513
20020514
20020515
20020516
20020517
20020520
20020521
20020522
20020523
20020524
20020527
20020528
20020529
20020531
20020603
20020604
20020605
20020606
20020607
20020610
20020611
20020612
20020613
20020614
20020617
20020618
20020619
20020620
20020621
20020624
20020625
20020626
20020627
20020628
20020701
20020702
20020703
20020704
20020705
20020708
20020709
20020710
20020711
20020712
20020715
20020716
20020717
20020718
20020719
20020722
20020723
20020724
20020725
20020726
20020729
20020730
20020731
20020801
20020802
20020805
20020806
20020807
20020808
20020809
20020812
20020813
20020814
20020815
20020816
20020819
20020820
20020821
20020822
20020823
20020826
20020827
20020828
20020829
20020830
20020902
20020903
20020904
20020905
20020906
20020909
20020910
20020911
20020912
20020913
20020916
20020917
20020918
20020919
20020920
20020923
20020924
20020925
20020926
20020927
20020930
20021001
20021002
20021003
20021004
20021007
20021008
20021009
20021010
20021011
20021014
20021015
20021016
20021017
20021018
20021021
20021022
20021023
20021024
20021025
20021028
20021029
20021030
20021031
20021101
20021104
20021105
20021106
20021107
20021108
20021111
20021112
20021113
20021114
20021118
20021119
20021120
20021121
20021122
20021125
20021126
20021127
20021128
20021129
20021202
20021203
20021204
20021205
20021206
20021209
20021210
20021211
20021212
20021213
20021216
20021217
20021218
20021219
20021220
20021223
20021224
20021226
20021227
20021230
20021231
20030102
20030103
20030106
20030107
20030108
20030109
20030110
20030113
20030114
20030115
20030116
20030117
20030120
20030121
20030122
20030123
20030124
20030127
20030128
20030129
20030130
20030131
20030203
20030204
20030205
20030206
20030207
20030210
20030211
20030212
20030213
20030214
20030217
20030218
20030219
20030220
20030221
20030224
20030225
20030226
20030227
20030228
20030305
20030306
20030307
20030310
20030311
20030312
20030313
20030314
20030317
20030318
20030319
20030320
20030321
20030324
20030325
20030326
20030327
20030328
20030331
20030401
20030402
20030403
20030404
20030407
20030408
20030409
20030410
20030411
20030414
20030415
20030416
20030417
20030422
20030423
20030424
20030425
20030428
20030429
20030430
20030502
20030505
20030506
20030507
20030508
20030509
20030512
20030513
20030514
20030515
20030516
20030519
20030520
20030521
20030522
20030523
20030526
20030527
20030528
20030529
20030530
20030602
20030603
20030604
20030605
20030606
20030609
20030610
20030611
20030612
20030613
20030616
20030617
20030618
20030620
20030623
20030624
20030625
20030626
20030627
20030630
20030701
20030702
20030703
20030704
20030707
20030708
20030709
20030710
20030711
20030714
20030715
20030716
20030717
20030718
20030721
20030722
20030723
20030724
20030725
20030728
20030729
20030730
20030731
20030801
20030804
20030805
20030806
20030807
20030808
20030811
20030812
20030813
20030814
20030815
20030818
20030819
20030820
20030821
20030822
20030825
20030826
20030827
20030828
20030829
20030901
20030902
20030903
20030904
20030905
20030908
20030909
20030910
20030911
20030912
20030915
20030916
20030917
20030918
20030919
20030922
20030923
20030924
20030925
20030926
20030929
20030930
20031001
20031002
20031003
20031006
20031007
20031008
20031009
20031010
20031013
20031014
20031015
20031016
20031017
20031020
20031021
20031022
20031023
20031024
20031027
20031028
20031029
20031030
20031031
20031103
20031104
20031105
20031106
20031107
20031110
20031111
20031112
20031113
20031114
20031117
20031118
20031119
20031120
20031121
20031124
20031125
20031126
20031127
20031128
20031201
20031202
20031203
20031204
20031205
20031208
20031209
20031210
20031211
20031212
20031215
20031216
20031217
20031218
20031219
20031222
20031223
20031224
20031226
20031229
20031230
20031231
20040102
20040105
20040106
20040107
20040108
20040109
20040112
20040113
20040114
20040115
20040116
20040119
20040120
20040121
20040122
20040123
20040126
20040127
20040128
20040129
20040130
20040202
20040203
20040204
20040205
20040206
20040209
20040210
20040211
20040212
20040213
20040216
20040217
20040218
20040219
20040220
20040225
20040226
20040227
20040301
20040302
20040303
20040304
20040305
20040308
20040309
20040310
20040311
20040312
20040315
20040316
20040317
20040318
20040319
20040322
20040323
20040324
20040325
20040326
20040329
20040330
20040331
20040401
20040402
20040405
20040406
20040407
20040408
20040412
20040413
20040414
20040415
20040416
20040419
20040420
20040422
20040423
20040426
20040427
20040428
20040429
20040430
20040503
20040504
20040505
20040506
20040507
20040510
20040511
20040512
20040513
20040514
20040517
20040518
20040519
20040520
20040521
20040524
20040525
20040526
20040527
20040528
20040531
20040601
20040602
20040603
20040604
20040607
20040608
20040609
20040611
20040614
20040615
20040616
20040617
20040618
20040621
20040622
20040623
20040624
20040625
20040628
20040629
20040630
20040701
20040702
20040705
20040706
20040707
20040708
20040709
20040712
20040713
20040714
20040715
20040716
20040719
20040720
20040721
20040722
20040723
20040726
20040727
20040728
20040729
20040730
20040802
20040803
20040804
20040805
20040806
20040809
20040810
20040811
20040812
20040813
20040816
20040817
20040818
20040819
20040820
20040823
20040824
20040825
20040826
20040827
20040830
20040831
20040901
20040902
20040903
20040906
20040908
20040909
20040910
20040913
20040914
20040915
20040916
20040917
20040920
20040921
20040922
20040923
20040924
20040927
20040928
20040929
20040930
20041001
20041004
20041005
20041006
20041007
20041008
20041011
20041013
20041014
20041015
20041018
20041019
20041020
20041021
20041022
20041025
20041026
20041027
20041028
20041029
20041101
20041103
20041104
20041105
20041108
20041109
20041110
20041111
20041112
20041116
20041117
20041118
20041119
20041122
20041123
20041124
20041125
20041126
20041129
20041130
20041201
20041202
20041203
20041206
20041207
20041208
20041209
20041210
20041213
20041214
20041215
20041216
20041217
20041220
20041221
20041222
20041223
20041224
20041227
20041228
20041229
20041230
20041231
20050103
20050104
20050105
20050106
20050107
20050110
20050111
20050112
20050113
20050114
20050117
20050118
20050119
20050120
20050121
20050124
20050125
20050126
20050127
20050128
20050131
20050201
20050202
20050203
20050204
20050209
20050210
20050211
20050214
20050215
20050216
20050217
20050218
20050221
20050222
20050223
20050224
20050225
20050228
20050301
20050302
20050303
20050304
20050307
20050308
20050309
20050310
20050311
20050314
20050315
20050316
20050317
20050318
20050321
20050322
20050323
20050324
20050328
20050329
20050330
20050331
20050401
20050404
20050405
20050406
20050407
20050408
20050411
20050412
20050413
20050414
20050415
20050418
20050419
20050420
20050422
20050425
20050426
20050427
20050428
20050429
20050502
20050503
20050504
20050505
20050506
20050509
20050510
20050511
20050512
20050513
20050516
20050517
20050518
20050519
20050520
20050523
20050524
20050525
20050527
20050530
20050531
20050601
20050602
20050603
20050606
20050607
20050608
20050609
20050610
20050613
20050614
20050615
20050616
20050617
20050620
20050621
20050622
20050623
20050624
20050627
20050628
20050629
20050630
20050701
20050704
20050705
20050706
20050707
20050708
20050711
20050712
20050713
20050714
20050715
20050718
20050719
20050720
20050721
20050722
20050725
20050726
20050727
20050728
20050729
20050801
20050802
20050803
20050804
20050805
20050808
20050809
20050810
20050811
20050812
20050815
20050816
20050817
20050818
20050819
20050822
20050823
20050824
20050825
20050826
20050829
20050830
20050831
20050901
20050902
20050905
20050906
20050908
20050909
20050912
20050913
20050914
20050915
20050916
20050919
20050920
20050921
20050922
20050923
20050926
20050927
20050928
20050929
20050930
20051003
20051004
20051005
20051006
20051007
20051010
20051011
20051013
20051014
20051017
20051018
20051019
20051020
20051021
20051024
20051025
20051026
20051027
20051028
20051031
20051101
20051103
20051104
20051107
20051108
20051109
20051110
20051111
20051114
20051116
20051117
20051118
20051121
20051122
20051123
20051124
20051125
20051128
20051129
20051130
20051201
20051202
20051205
20051206
20051207
20051208
20051209
20051212
20051213
20051214
20051215
20051216
20051219
20051220
20051221
20051222
20051223
20051226
20051227
20051228
20051229
20051230
20060102
20060103
20060104
20060105
20060106
20060109
20060110
20060111
20060112
20060113
20060116
20060117
20060118
20060119
20060120
20060123
20060124
20060125
20060126
20060127
20060130
20060131
20060201
20060202
20060203
20060206
20060207
20060208
20060209
20060210
20060213
20060214
20060215
20060216
20060217
20060220
20060221
20060222
20060223
20060224
20060301
20060302
20060303
20060306
20060307
20060308
20060309
20060310
20060313
20060314
20060315
20060316
20060317
20060320
20060321
20060322
20060323
20060324
20060327
20060328
20060329
20060330
20060331
20060403
20060404
20060405
20060406
20060407
20060410
20060411
20060412
20060413
20060417
20060418
20060419
20060420
20060424
20060425
20060426
20060427
20060428
20060502
20060503
20060504
20060505
20060508
20060509
20060510
20060511
20060512
20060515
20060516
20060517
20060518
20060519
20060522
20060523
20060524
20060525
20060526
20060529
20060530
20060531
20060601
20060602
20060605
20060606
20060607
20060608
20060609
20060612
20060613
20060614
20060616
20060619
20060620
20060621
20060622
20060623
20060626
20060627
20060628
20060629
20060630
20060703
20060704
20060705
20060706
20060707
20060710
20060711
20060712
20060713
20060714
20060717
20060718
20060719
20060720
20060721
20060724
20060725
20060726
20060727
20060728
20060731
20060801
20060802
20060803
20060804
20060807
20060808
20060809
20060810
20060811
20060814
20060815
20060816
20060817
20060818
20060821
20060822
20060823
20060824
20060825
20060828
20060829
20060830
20060831
20060901
20060904
20060905
20060906
20060908
20060911
20060912
20060913
20060914
20060915
20060918
20060919
20060920
20060921
20060922
20060925
20060926
20060927
20060928
20060929
20061002
20061003
20061004
20061005
20061006
20061009
20061010
20061011
20061013
20061016
20061017
20061018
20061019
20061020
20061023
20061024
20061025
20061026
20061027
20061030
20061031
20061101
20061103
20061106
20061107
20061108
20061109
20061110
20061113
20061114
20061116
20061117
20061120
20061121
20061122
20061123
20061124
20061127
20061128
20061129
20061130
20061201
20061204
20061205
20061206
20061207
20061208
20061211
20061212
20061213
20061214
20061215
20061218
20061219
20061220
20061221
20061222
20061226
20061227
20061228
20061229
20070102
20070103
20070104
20070105
20070108
20070109
20070110
20070111
20070112
20070115
20070116
20070117
20070118
20070119
20070122
20070123
20070124
20070125
20070126
20070129
20070130
20070131
20070201
20070202
20070205
20070206
20070207
20070208
20070209
20070212
20070213
20070214
20070215
20070216
20070221
20070222
20070223
20070226
20070227
20070228
20070301
20070302
20070305
20070306
20070307
20070308
20070309
20070312
20070313
20070314
20070315
20070316
20070319
20070320
20070321
20070322
20070323
20070326
20070327
20070328
20070329
20070330
20070402
20070403
20070404
20070405
20070409
20070410
20070411
20070412
20070413
20070416
20070417
20070418
20070419
20070420
20070423
20070424
20070425
20070426
20070427
20070430
20070502
20070503
20070504
20070507
20070508
20070509
20070510
20070511
20070514
20070515
20070516
20070517
20070518
20070521
20070522
20070523
20070524
20070525
20070528
20070529
20070530
20070531
20070601
20070604
20070605
20070606
20070608
20070611
20070612
20070613
20070614
20070615
20070618
20070619
20070620
20070621
20070622
20070625
20070626
20070627
20070628
20070629
20070702
20070703
20070704
20070705
20070706
20070709
20070710
20070711
20070712
20070713
20070716
20070717
20070718
20070719
20070720
20070723
20070724
20070725
20070726
20070727
20070730
20070731
20070801
20070802
20070803
20070806
20070807
20070808
20070809
20070810
20070813
20070814
20070815
20070816
20070817
20070820
20070821
20070822
20070823
20070824
20070827
20070828
20070829
20070830
20070831
20070903
20070904
20070905
20070906
20070910
20070911
20070912
20070913
20070914
20070917
20070918
20070919
20070920
20070921
20070924
20070925
20070926
20070927
20070928
20071001
20071002
20071003
20071004
20071005
20071008
20071009
20071010
20071011
20071015
20071016
20071017
20071018
20071019
20071022
20071023
20071024
20071025
20071026
20071029
20071030
20071031
20071101
20071105
20071106
20071107
20071108
20071109
20071112
20071113
20071114
20071116
20071119
20071120
20071121
20071122
20071123
20071126
20071127
20071128
20071129
20071130
20071203
20071204
20071205
20071206
20071207
20071210
20071211
20071212
20071213
20071214
20071217
20071218
20071219
20071220
20071221
20071224
20071226
20071227
20071228
20071231
20080102
20080103
20080104
20080107
20080108
20080109
20080110
20080111
20080114
20080115
20080116
20080117
20080118
20080121
20080122
20080123
20080124
20080125
20080128
20080129
20080130
20080131
20080201
20080206
20080207
20080208
20080211
20080212
20080213
20080214
20080215
20080218
20080219
20080220
20080221
20080222
20080225
20080226
20080227
20080228
20080229
20080303
20080304
20080305
20080306
20080307
20080310
20080311
20080312
20080313
20080314
20080317
20080318
20080319
20080320
20080324
20080325
20080326
20080327
20080328
20080331
20080401
20080402
20080403
20080404
20080407
20080408
20080409
20080410
20080411
20080414
20080415
20080416
20080417
20080418
20080422
20080423
20080424
20080425
20080428
20080429
20080430
20080502
20080505
20080506
20080507
20080508
20080509
20080512
20080513
20080514
20080515
20080516
20080519
20080520
20080521
20080523
20080526
20080527
20080528
20080529
20080530
20080602
20080603
20080604
20080605
20080606
20080609
20080610
20080611
20080612
20080613
20080616
20080617
20080618
20080619
20080620
20080623
20080624
20080625
20080626
20080627
20080630
20080701
20080702
20080703
20080704
20080707
20080708
20080709
20080710
20080711
20080714
20080715
20080716
20080717
20080718
20080721
20080722
20080723
20080724
20080725
20080728
20080729
20080730
20080731
20080801
20080804
20080805
20080806
20080807
20080808
20080811
20080812
20080813
20080814
20080815
20080818
20080819
20080820
20080821
20080822
20080825
20080826
20080827
20080828
20080829
20080901
20080902
20080903
20080904
20080905
20080908
20080909
20080910
20080911
20080912
20080915
20080916
20080917
20080918
20080919
20080922
20080923
20080924
20080925
20080926
20080929
20080930
20081001
20081002
20081003
20081006
20081007
20081008
20081009
20081010
20081013
20081014
20081015
20081016
20081017
20081020
20081021
20081022
20081023
20081024
20081027
20081028
20081029
20081030
20081031
20081103
20081104
20081105
20081106
20081107
20081110
20081111
20081112
20081113
20081114
20081117
20081118
20081119
20081120
20081121
20081124
20081125
20081126
20081127
20081128
20081201
20081202
20081203
20081204
20081205
20081208
20081209
20081210
20081211
20081212
20081215
20081216
20081217
20081218
20081219
20081222
20081223
20081224
20081226
20081229
20081230
20081231
20090102
20090105
20090106
20090107
20090108
20090109
20090112
20090113
20090114
20090115
20090116
20090119
20090120
20090121
20090122
20090123
20090126
20090127
20090128
20090129
20090130
20090202
20090203
20090204
20090205
20090206
20090209
20090210
20090211
20090212
20090213
20090216
20090217
20090218
20090219
20090220
20090225
20090226
20090227
20090302
20090303
20090304
20090305
20090306
20090309
20090310
20090311
20090312
20090313
20090316
20090317
20090318
20090319
20090320
20090323
20090324
20090325
20090326
20090327
20090330
20090331
20090401
20090402
20090403
20090406
20090407
20090408
20090409
20090413
20090414
20090415
20090416
20090417
20090420
20090422
20090423
20090424
20090427
20090428
20090429
20090430
20090504
20090505
20090506
20090507
20090508
20090511
20090512
20090513
20090514
20090515
20090518
20090519
20090520
20090521
20090522
20090525
20090526
20090527
20090528
20090529
20090601
20090602
20090603
20090604
20090605
20090608
20090609
20090610
20090612
20090615
20090616
20090617
20090618
20090619
20090622
20090623
20090624
20090625
20090626
20090629
20090630
20090701
20090702
20090703
20090706
20090707
20090708
20090709
20090710
20090713
20090714
20090715
20090716
20090717
20090720
20090721
20090722
20090723
20090724
20090727
20090728
20090729
20090730
20090731
20090803
20090804
20090805
20090806
20090807
20090810
20090811
20090812
20090813
20090814
20090817
20090818
20090819
20090820
20090821
20090824
20090825
20090826
20090827
20090828
20090831
20090901
20090902
20090903
20090904
20090908
20090909
20090910
20090911
20090914
20090915
20090916
20090917
20090918
20090921
20090922
20090923
20090924
20090925
20090928
20090929
20090930
20091001
20091002
20091005
20091006
20091007
20091008
20091009
20091013
20091014
20091015
20091016
20091019
20091020
20091021
20091022
20091023
20091026
20091027
20091028
20091029
20091030
20091103
20091104
20091105
20091106
20091109
20091110
20091111
20091112
20091113
20091116
20091117
20091118
20091119
20091120
20091123
20091124
20091125
20091126
20091127
20091130
20091201
20091202
20091203
20091204
20091207
20091208
20091209
20091210
20091211
20091214
20091215
20091216
20091217
20091218
20091221
20091222
20091223
20091224
20091228
20091229
20091230
20091231
20100104
20100105
20100106
20100107
20100108
20100111
20100112
20100113
20100114
20100115
20100118
20100119
20100120
20100121
20100122
20100125
20100126
20100127
20100128
20100129
20100201
20100202
20100203
20100204
20100205
20100208
20100209
20100210
20100211
20100212
20100217
20100218
20100219
20100222
20100223
20100224
20100225
20100226
20100301
20100302
20100303
20100304
20100305
20100308
20100309
20100310
20100311
20100312
20100315
20100316
20100317
20100318
20100319
20100322
20100323
20100324
20100325
20100326
20100329
20100330
20100331
20100401
20100405
20100406
20100407
20100408
20100409
20100412
20100413
20100414
20100415
20100416
20100419
20100420
20100422
20100423
20100426
20100427
20100428
20100429
20100430
20100503
20100504
20100505
20100506
20100507
20100510
20100511
20100512
20100513
20100514
20100517
20100518
20100519
20100520
20100521
20100524
20100525
20100526
20100527
20100528
20100531
20100601
20100602
20100604
20100607
20100608
20100609
20100610
20100611
20100614
20100615
20100616
20100617
20100618
20100621
20100622
20100623
20100624
20100625
20100628
20100629
20100630
20100701
20100702
20100705
20100706
20100707
20100708
20100709
20100712
20100713
20100714
20100715
20100716
20100719
20100720
20100721
20100722
20100723
20100726
20100727
20100728
20100729
20100730
20100802
20100803
20100804
20100805
20100806
20100809
20100810
20100811
20100812
20100813
20100816
20100817
20100818
20100819
20100820
20100823
20100824
20100825
20100826
20100827
20100830
20100831
20100901
20100902
20100903
20100906
20100908
20100909
20100910
20100913
20100914
20100915
20100916
20100917
20100920
20100921
20100922
20100923
20100924
20100927
20100928
20100929
20100930
20101001
20101004
20101005
20101006
20101007
20101008
20101011
20101013
20101014
20101015
20101018
20101019
20101020
20101021
20101022
20101025
20101026
20101027
20101028
20101029
20101101
20101103
20101104
20101105
20101108
20101109
20101110
20101111
20101112
20101116
20101117
20101118
20101119
20101122
20101123
20101124
20101125
20101126
20101129
20101130
20101201
20101202
20101203
20101206
20101207
20101208
20101209
20101210
20101213
20101214
20101215
20101216
20101217
20101220
20101221
20101222
20101223
20101224
20101227
20101228
20101229
20101230
20101231
20110103
20110104
20110105
20110106
20110107
20110110
20110111
20110112
20110113
20110114
20110117
20110118
20110119
20110120
20110121
20110124
20110125
20110126
20110127
20110128
20110131
20110201
20110202
20110203
20110204
20110207
20110208
20110209
20110210
20110211
20110214
20110215
20110216
20110217
20110218
20110221
20110222
20110223
20110224
20110225
20110228
20110301
20110302
20110303
20110304
20110309
20110310
20110311
20110314
20110315
20110316
20110317
20110318
20110321
20110322
20110323
20110324
20110325
20110328
20110329
20110330
20110331
20110401
20110404
20110405
20110406
20110407
20110408
20110411
20110412
20110413
20110414
20110415
20110418
20110419
20110420
20110425
20110426
20110427
20110428
20110429
20110502
20110503
20110504
20110505
20110506
20110509
20110510
20110511
20110512
20110513
20110516
20110517
20110518
20110519
20110520
20110523
20110524
20110525
20110526
20110527
20110530
20110531
20110601
20110602
20110603
20110606
20110607
20110608
20110609
20110610
20110613
20110614
20110615
20110616
20110617
20110620
20110621
20110622
20110624
20110627
20110628
20110629
20110630
20110701
20110704
20110705
20110706
20110707
20110708
20110711
20110712
20110713
20110714
20110715
20110718
20110719
20110720
20110721
20110722
20110725
20110726
20110727
20110728
20110729
20110801
20110802
20110803
20110804
20110805
20110808
20110809
20110810
20110811
20110812
20110815
20110816
20110817
20110818
20110819
20110822
20110823
20110824
20110825
20110826
20110829
20110830
20110831
20110901
20110902
20110905
20110906
20110908
20110909
20110912
20110913
20110914
20110915
20110916
20110919
20110920
20110921
20110922
20110923
20110926
20110927
20110928
20110929
20110930
20111003
20111004
20111005
20111006
20111007
20111010
20111011
20111013
20111014
20111017
20111018
20111019
20111020
20111021
20111024
20111025
20111026
20111027
20111028
20111031
20111101
20111103
20111104
20111107
20111108
20111109
20111110
20111111
20111114
20111116
20111117
20111118
20111121
20111122
20111123
20111124
20111125
20111128
20111129
20111130
20111201
20111202
20111205
20111206
20111207
20111208
20111209
20111212
20111213
20111214
20111215
20111216
20111219
20111220
20111221
20111222
20111223
20111226
20111227
20111228
20111229
20111230
20120102
20120103
20120104
20120105
20120106
20120109
20120110
20120111
20120112
20120113
20120116
20120117
20120118
20120119
20120120
20120123
20120124
20120125
20120126
20120127
20120130
20120131
20120201
20120202
20120203
20120206
20120207
20120208
20120209
20120210
20120213
20120214
20120215
20120216
20120217
20120222
20120223
20120224
20120227
20120228
20120229
20120301
20120302
20120305
20120306
20120307
20120308
20120309
20120312
20120313
20120314
20120315
20120316
20120319
20120320
20120321
20120322
20120323
20120326
20120327
20120328
20120329
20120330
20120402
20120403
20120404
20120405
20120409
20120410
20120411
20120412
20120413
20120416
20120417
20120418
20120419
20120420
20120423
20120424
20120425
20120426
20120427
20120430
20120502
20120503
20120504
20120507
20120508
20120509
20120510
20120511
20120514
20120515
20120516
20120517
20120518
20120521
20120522
20120523
20120524
20120525
20120528
20120529
20120530
20120531
20120601
20120604
20120605
20120606
20120608
20120611
20120612
20120613
20120614
20120615
20120618
20120619
20120620
20120621
20120622
20120625
20120626
20120627
20120628
20120629
20120702
20120703
20120704
20120705
20120706
20120709
20120710
20120711
20120712
20120713
20120716
20120717
20120718
20120719
20120720
20120723
20120724
20120725
20120726
20120727
20120730
20120731
20120801
20120802
20120803
20120806
20120807
20120808
20120809
20120810
20120813
20120814
20120815
20120816
20120817
20120820
20120821
20120822
20120823
20120824
20120827
20120828
20120829
20120830
20120831
20120903
20120904
20120905
20120906
20120910
20120911
20120912
20120913
20120914
20120917
20120918
20120919
20120920
20120921
20120924
20120925
20120926
20120927
20120928
20121001
20121002
20121003
20121004
20121005
20121008
20121009
20121010
20121011
20121015
20121016
20121017
20121018
20121019
20121022
20121023
20121024
20121025
20121026
20121029
20121030
20121031
20121101
20121105
20121106
20121107
20121108
20121109
20121112
20121113
20121114
20121116
20121119
20121120
20121121
20121122
20121123
20121126
20121127
20121128
20121129
20121130
20121203
20121204
20121205
20121206
20121207
20121210
20121211
20121212
20121213
20121214
20121217
20121218
20121219
20121220
20121221
20121224
20121226
20121227
20121228
20121231
20130102
20130103
20130104
20130107
20130108
20130109
20130110
20130111
20130114
20130115
20130116
20130117
20130118
20130121
20130122
20130123
20130124
20130125
20130128
20130129
20130130
20130131
20130201
20130204
20130205
20130206
20130207
20130208
20130213
20130214
20130215
20130218
20130219
20130220
20130221
20130222
20130225
20130226
20130227
20130228
20130301
20130304
20130305
20130306
20130307
20130308
20130311
20130312
20130313
20130314
20130315
20130318
20130319
20130320
20130321
20130322
20130325
20130326
20130327
20130328
20130401
20130402
20130403
20130404
20130405
20130408
20130409
20130410
20130411
20130412
20130415
20130416
20130417
20130418
20130419
20130422
20130423
20130424
20130425
20130426
20130429
20130430
20130502
20130503
20130506
20130507
20130508
20130509
20130510
20130513
20130514
20130515
20130516
20130517
20130520
20130521
20130522
20130523
20130524
20130527
20130528
20130529
20130531
20130603
20130604
20130605
20130606
20130607
20130610
20130611
20130612
20130613
20130614
20130617
20130618
20130619
20130620
20130621
20130624
20130625
20130626
20130627
20130628
20130701
20130702
20130703
20130704
20130705
20130708
20130709
20130710
20130711
20130712
20130715
20130716
20130717
20130718
20130719
20130722
20130723
20130724
20130725
20130726
20130729
20130730
20130731
20130801
20130802
20130805
20130806
20130807
20130808
20130809
20130812
20130813
20130814
20130815
20130816
20130819
20130820
20130821
20130822
20130823
20130826
20130827
20130828
20130829
20130830
20130902
20130903
20130904
20130905
20130906
20130909
20130910
20130911
20130912
20130913
20130916
20130917
20130918
20130919
20130920
20130923
20130924
20130925
20130926
20130927
20130930
20131001
20131002
20131003
20131004
20131007
20131008
20131009
20131010
20131011
20131014
20131015
20131016
20131017
20131018
20131021
20131022
20131023
20131024
20131025
20131028
20131029
20131030
20131031
20131101
20131104
20131105
20131106
20131107
20131108
20131111
20131112
20131113
20131114
20131118
20131119
20131120
20131121
20131122
20131125
20131126
20131127
20131128
20131129
20131202
20131203
20131204
20131205
20131206
20131209
20131210
20131211
20131212
20131213
20131216
20131217
20131218
20131219
20131220
20131223
20131224
20131226
20131227
20131230
20131231
20140102
20140103
20140106
20140107
20140108
20140109
20140110
20140113
20140114
20140115
20140116
20140117
20140120
20140121
20140122
20140123
20140124
20140127
20140128
20140129
20140130
20140131
20140203
20140204
20140205
20140206
20140207
20140210
20140211
20140212
20140213
20140214
20140217
20140218
20140219
20140220
20140221
20140224
20140225
20140226
20140227
20140228
20140305
20140306
20140307
20140310
20140311
20140312
20140313
20140314
20140317
20140318
20140319
20140320
20140321
20140324
20140325
20140326
20140327
20140328
20140331
20140401
20140402
20140403
20140404
20140407
20140408
20140409
20140410
20140411
20140414
20140415
20140416
20140417
20140422
20140423
20140424
20140425
20140428
20140429
20140430
20140502
20140505
20140506
20140507
20140508
20140509
20140512
20140513
20140514
20140515
20140516
20140519
20140520
20140521
20140522
20140523
20140526
20140527
20140528
20140529
20140530
20140602
20140603
20140604
20140605
20140606
20140609
20140610
20140611
20140612
20140613
20140616
20140617
20140618
20140620
20140623
20140624
20140625
20140626
20140627
20140630
20140701
20140702
20140703
20140704
20140707
20140708
20140709
20140710
20140711
20140714
20140715
20140716
20140717
20140718
20140721
20140722
20140723
20140724
20140725
20140728
20140729
20140730
20140731
20140801
20140804
20140805
20140806
20140807
20140808
20140811
20140812
20140813
20140814
20140815
20140818
20140819
20140820
20140821
20140822
20140825
20140826
20140827
20140828
20140829
20140901
20140902
20140903
20140904
20140905
20140908
20140909
20140910
20140911
20140912
20140915
20140916
20140917
20140918
20140919
20140922
20140923
20140924
20140925
20140926
20140929
20140930
20141001
20141002
20141003
20141006
20141007
20141008
20141009
20141010
20141013
20141014
20141015
20141016
20141017
20141020
20141021
20141022
20141023
20141024
20141027
20141028
20141029
20141030
20141031
20141103
20141104
20141105
20141106
20141107
20141110
20141111
20141112
20141113
20141114
20141117
20141118
20141119
20141120
20141121
20141124
20141125
20141126
20141127
20141128
20141201
20141202
20141203
20141204
20141205
20141208
20141209
20141210
20141211
20141212
20141215
20141216
20141217
20141218
20141219
20141222
20141223
20141224
20141226
20141229
20141230
20141231
20150102
20150105
20150106
20150107
20150108
20150109
20150112
20150113
20150114
20150115
20150116
20150119
20150120
20150121
20150122
20150123
20150126
20150127
20150128
20150129
20150130
20150202
20150203
20150204
20150205
20150206
20150209
20150210
20150211
20150212
20150213
20150218
20150219
20150220
20150223
20150224
20150225
20150226
20150227
20150302
20150303
20150304
20150305
20150306
20150309
20150310
20150311
20150312
20150313
20150316
20150317
20150318
20150319
20150320
20150323
20150324
20150325
20150326
20150327
20150330
20150331
20150401
20150402
20150406
20150407
20150408
20150409
20150410
20150413
20150414
20150415
20150416
20150417
20150420
20150422
20150423
20150424
20150427
20150428
20150429
20150430
20150504
20150505
20150506
20150507
20150508
20150511
20150512
20150513
20150514
20150515
20150518
20150519
20150520
20150521
20150522
20150525
20150526
20150527
20150528
20150529
20150601
20150602
20150603
20150605
20150608
20150609
20150610
20150611
20150612
20150615
20150616
20150617
20150618
20150619
20150622
20150623
20150624
20150625
20150626
20150629
20150630
20150701
20150702
20150703
20150706
20150707
20150708
20150709
20150710
20150713
20150714
20150715
20150716
20150717
20150720
20150721
20150722
20150723
20150724
20150727
20150728
20150729
20150730
20150731
20150803
20150804
20150805
20150806
20150807
20150810
20150811
20150812
20150813
20150814
20150817
20150818
20150819
20150820
20150821
20150824
20150825
20150826
20150827
20150828
20150831
20150901
20150902
20150903
20150904
20150908
20150909
20150910
20150911
20150914
20150915
20150916
20150917
20150918
20150921
20150922
20150923
20150924
20150925
20150928
20150929
20150930
20151001
20151002
20151005
20151006
20151007
20151008
20151009
20151013
20151014
20151015
20151016
20151019
20151020
20151021
20151022
20151023
20151026
20151027
20151028
20151029
20151030
20151103
20151104
20151105
20151106
20151109
20151110
20151111
20151112
20151113
20151116
20151117
20151118
20151119
20151120
20151123
20151124
20151125
20151126
20151127
20151130
20151201
20151202
20151203
20151204
20151207
20151208
20151209
20151210
20151211
20151214
20151215
20151216
20151217
20151218
20151221
20151222
20151223
20151224
20151228
20151229
20151230
20151231
20160104
20160105
20160106
20160107
20160108
20160111
20160112
20160113
20160114
20160115
20160118
20160119
20160120
20160121
20160122
20160125
20160126
20160127
20160128
20160129
20160201
20160202
20160203
20160204
20160205
20160210
20160211
20160212
20160215
20160216
20160217
20160218
20160219
20160222
20160223
20160224
20160225
20160226
20160229
20160301
20160302
20160303
20160304
20160307
20160308
20160309
20160310
20160311
20160314
20160315
20160316
20160317
20160318
20160321
20160322
20160323
20160324
20160328
20160329
20160330
20160331
20160401
20160404
20160405
20160406
20160407
20160408
20160411
20160412
20160413
20160414
20160415
20160418
20160419
20160420
20160422
20160425
20160426
20160427
20160428
20160429
20160502
20160503
20160504
20160505
20160506
20160509
20160510
20160511
20160512
20160513
20160516
20160517
20160518
20160519
20160520
20160523
20160524
20160525
20160527
20160530
20160531
20160601
20160602
20160603
20160606
20160607
20160608
20160609
20160610
20160613
20160614
20160615
20160616
20160617
20160620
20160621
20160622
20160623
20160624
20160627
20160628
20160629
20160630
20160701
20160704
20160705
20160706
20160707
20160708
20160711
20160712
20160713
20160714
20160715
20160718
20160719
20160720
20160721
20160722
20160725
20160726
20160727
20160728
20160729
20160801
20160802
20160803
20160804
20160805
20160808
20160809
20160810
20160811
20160812
20160815
20160816
20160817
20160818
20160819
20160822
20160823
20160824
20160825
20160826
20160829
20160830
20160831
20160901
20160902
20160905
20160906
20160908
20160909
20160912
20160913
20160914
20160915
20160916
20160919
20160920
20160921
20160922
20160923
20160926
20160927
20160928
20160929
20160930
20161003
20161004
20161005
20161006
20161007
20161010
20161011
20161013
20161014
20161017
20161018
20161019
20161020
20161021
20161024
20161025
20161026
20161027
20161028
20161031
20161101
20161103
20161104
20161107
20161108
20161109
20161110
20161111
20161114
20161116
20161117
20161118
20161121
20161122
20161123
20161124
20161125
20161128
20161129
20161130
20161201
20161202
20161205
20161206
20161207
20161208
20161209
20161212
20161213
20161214
20161215
20161216
20161219
20161220
20161221
20161222
20161223
20161226
20161227
20161228
20161229
20161230
20170102
20170103
20170104
20170105
20170106
20170109
20170110
20170111
20170112
20170113
20170116
20170117
20170118
20170119
20170120
20170123
20170124
20170125
20170126
20170127
20170130
20170131
20170201
20170202
20170203
20170206
20170207
20170208
20170209
20170210
20170213
20170214
20170215
20170216
20170217
20170220
20170221
20170222
20170223
20170224
20170301
20170302
20170303
20170306
20170307
20170308
20170309
20170310
20170313
20170314
20170315
20170316
20170317
20170320
20170321
20170322
20170323
20170324
20170327
20170328
20170329
20170330
20170331
20170403
20170404
20170405
20170406
20170407
20170410
20170411
20170412
20170413
20170417
20170418
20170419
20170420
20170424
20170425
20170426
20170427
20170428
20170502
20170503
20170504
20170505
20170508
20170509
20170510
20170511
20170512
20170515
20170516
20170517
20170518
20170519
20170522
20170523
20170524
20170525
20170526
20170529
20170530
20170531
20170601
20170602
20170605
20170606
20170607
20170608
20170609
20170612
20170613
20170614
20170616
20170619
20170620
20170621
20170622
20170623
20170626
20170627
20170628
20170629
20170630
20170703
20170704
20170705
20170706
20170707
20170710
20170711
20170712
20170713
20170714
20170717
20170718
20170719
20170720
20170721
20170724
20170725
20170726
20170727
20170728
20170731
20170801
20170802
20170803
20170804
20170807
20170808
20170809
20170810
20170811
20170814
20170815
20170816
20170817
20170818
20170821
20170822
20170823
20170824
20170825
20170828
20170829
20170830
20170831
20170901
20170904
20170905
20170906
20170908
20170911
20170912
20170913
20170914
20170915
20170918
20170919
20170920
20170921
20170922
20170925
20170926
20170927
20170928
20170929
20171002
20171003
20171004
20171005
20171006
20171009
20171010
20171011
20171013
20171016
20171017
20171018
20171019
20171020
20171023
20171024
20171025
20171026
20171027
20171030
20171031
20171101
20171103
20171106
20171107
20171108
20171109
20171110
20171113
20171114
20171116
20171117
20171120
20171121
20171122
20171123
20171124
20171127
20171128
20171129
20171130
20171201
20171204
20171205
20171206
20171207
20171208
20171211
20171212
20171213
20171214
20171215
20171218
20171219
20171220
20171221
20171222
20171226
20171227
20171228
20171229
20180102
20180103
20180104
20180105
20180108
20180109
20180110
20180111
20180112
20180115
20180116
20180117
20180118
20180119
20180122
20180123
20180124
20180125
20180126
20180129
20180130
20180131
20180201
20180202
20180205
20180206
20180207
20180208
20180209
20180214
20180215
20180216
20180219
20180220
20180221
20180222
20180223
20180226
20180227
20180228
20180301
20180302
20180305
20180306
20180307
20180308
20180309
20180312
20180313
20180314
20180315
20180316
20180319
20180320
20180321
20180322
20180323
20180326
20180327
20180328
20180329
20180402
20180403
20180404
20180405
20180406
20180409
20180410
20180411
20180412
20180413
20180416
20180417
20180418
20180419
20180420
20180423
20180424
20180425
20180426
20180427
20180430
20180502
20180503
20180504
20180507
20180508
20180509
20180510
20180511
20180514
20180515
20180516
20180517
20180518
20180521
20180522
20180523
20180524
20180525
20180528
20180529
20180530
20180601
20180604
20180605
20180606
20180607
20180608
20180611
20180612
20180613
20180614
20180615
20180618
20180619
20180620
20180621
20180622
20180625
20180626
20180627
20180628
20180629
20180702
20180703
20180704
20180705
20180706
20180709
20180710
20180711
20180712
20180713
20180716
20180717
20180718
20180719
20180720
20180723
20180724
20180725
20180726
20180727
20180730
20180731
20180801
20180802
20180803
20180806
20180807
20180808
20180809
20180810
20180813
20180814
20180815
20180816
20180817
20180820
20180821
20180822
20180823
20180824
20180827
20180828
20180829
20180830
20180831
20180903
20180904
20180905
20180906
20180910
20180911
20180912
20180913
20180914
20180917
20180918
20180919
20180920
20180921
20180924
20180925
20180926
20180927
20180928
20181001
20181002
20181003
20181004
20181005
20181008
20181009
20181010
20181011
20181015
20181016
20181017
20181018
20181019
20181022
20181023
20181024
20181025
20181026
20181029
20181030
20181031
20181101
20181105
20181106
20181107
20181108
20181109
20181112
20181113
20181114
20181116
20181119
20181120
20181121
20181122
20181123
20181126
20181127
20181128
20181129
20181130
20181203
20181204
20181205
20181206
20181207
20181210
20181211
20181212
20181213
20181214
20181217
20181218
20181219
20181220
20181221
20181224
20181226
20181227
20181228
20181231
20190102
20190103
20190104
20190107
20190108
20190109
20190110
20190111
20190114
20190115
20190116
20190117
20190118
20190121
20190122
20190123
20190124
20190125
20190128
20190129
20190130
20190131
20190201
20190204
20190205
20190206
20190207
20190208
20190211
20190212
20190213
20190214
20190215
20190218
20190219
20190220
20190221
20190222
20190225
20190226
20190227
20190228
20190301
20190306
20190307
20190308
20190311
20190312
20190313
20190314
20190315
20190318
20190319
20190320
20190321
20190322
20190325
20190326
20190327
20190328
20190329
20190401
20190402
20190403
20190404
20190405
20190408
20190409
20190410
20190411
20190412
20190415
20190416
20190417
20190418
20190422
20190423
20190424
20190425
20190426
20190429
20190430
20190502
20190503
20190506
20190507
20190508
20190509
20190510
20190513
20190514
20190515
20190516
20190517
20190520
20190521
20190522
20190523
20190524
20190527
20190528
20190529
20190530
20190531
20190603
20190604
20190605
20190606
20190607
20190610
20190611
20190612
20190613
20190614
20190617
20190618
20190619
20190621
20190624
20190625
20190626
20190627
20190628
20190701
20190702
20190703
20190704
20190705
20190708
20190709
20190710
20190711
20190712
20190715
20190716
20190717
20190718
20190719
20190722
20190723
20190724
20190725
20190726
20190729
20190730
20190731
20190801
20190802
20190805
20190806
20190807
20190808
20190809
20190812
20190813
20190814
20190815
20190816
20190819
20190820
20190821
20190822
20190823
20190826
20190827
20190828
20190829
20190830
20190902
20190903
20190904
20190905
20190906
20190909
20190910
20190911
20190912
20190913
20190916
20190917
20190918
20190919
20190920
20190923
20190924
20190925
20190926
20190927
20190930
20191001
20191002
20191003
20191004
20191007
20191008
20191009
20191010
20191011
20191014
20191015
20191016
20191017
20191018
20191021
20191022
20191023
20191024
20191025
20191028
20191029
20191030
20191031
20191101
20191104
20191105
20191106
20191107
20191108
20191111
20191112
20191113
20191114
20191118
20191119
20191120
20191121
20191122
20191125
20191126
20191127
20191128
20191129
20191202
20191203
20191204
20191205
20191206
20191209
20191210
20191211
20191212
20191213
20191216
20191217
20191218
20191219
20191220
20191223
20191224
20191226
20191227
20191230
20191231
20200102
20200103
20200106
20200107
20200108
20200109
20200110
20200113
20200114
20200115
20200116
20200117
20200120
20200121
20200122
20200123
20200124
20200127
20200128
20200129
20200130
20200131
20200203
20200204
20200205
20200206
20200207
20200210
20200211
20200212
20200213
20200214
20200217
20200218
20200219
20200220
20200221
20200226
20200227
20200228
20200302
20200303
20200304
20200305
20200306
20200309
20200310
20200311
20200312
20200313
20200316
20200317
20200318
20200319
20200320
20200323
20200324
20200325
20200326
20200327
20200330
20200331
20200401
20200402
20200403
20200406
20200407
20200408
20200409
20200413
20200414
20200415
20200416
20200417
20200420
20200422
20200423
20200424
20200427
20200428
20200429
20200430
20200504
20200505
20200506
20200507
20200508
20200511
20200512
20200513
20200514
20200515
20200518
20200519
20200520
20200521
20200522
20200525
20200526
20200527
20200528
20200529
20200601
20200602
20200603
20200604
20200605
20200608
20200609
20200610
20200612
20200615
20200616
20200617
20200618
20200619
20200622
20200623
20200624
20200625
20200626
20200629
20200630
20200701
20200702
20200703
20200706
20200707
20200708
20200709
20200710
20200713
20200714
20200715
20200716
20200717
20200720
20200721
20200722
20200723
20200724
20200727
20200728
20200729
20200730
20200731
20200803
20200804
20200805
20200806
20200807
20200810
20200811
20200812
20200813
20200814
20200817
20200818
20200819
20200820
20200821
20200824
20200825
20200826
20200827
20200828
20200831
20200901
20200902
20200903
20200904
20200908
20200909
20200910
20200911
20200914
20200915
20200916
20200917
20200918
20200921
20200922
20200923
20200924
20200925
20200928
20200929
20200930
20201001
20201002
20201005
20201006
20201007
20201008
20201009
20201013
20201014
20201015
20201016
20201019
20201020
20201021
20201022
20201023
20201026
20201027
20201028
20201029
20201030
20201103
20201104
20201105
20201106
20201109
20201110
20201111
20201112
20201113
20201116
20201117
20201118
20201119
20201120
20201123
20201124
20201125
20201126
20201127
20201130
20201201
20201202
20201203
20201204
20201207
20201208
20201209
20201210
20201211
20201214
20201215
20201216
20201217
20201218
20201221
20201222
20201223
20201224
20201228
20201229
20201230
20201231
20210104
20210105
20210106
20210107
20210108
20210111
20210112
20210113
20210114
20210115
20210118
20210119
20210120
20210121
20210122
20210125
20210126
20210127
20210128
20210129
20210201
20210202
20210203
20210204
20210205
20210208
20210209
20210210
20210211
20210212
20210217
20210218
20210219
20210222
20210223
20210224
20210225
20210226
20210301
20210302
20210303
20210304
20210305
20210308
20210309
20210310
20210311
20210312
20210315
20210316
20210317
20210318
20210319
20210322
20210323
20210324
20210325
20210326
20210329
20210330
20210331
20210401
20210405
20210406
20210407
20210408
20210409
20210412
20210413
20210414
20210415
20210416
20210419
20210420
20210422
20210423
20210426
20210427
20210428
20210429
20210430
20210503
20210504
20210505
20210506
20210507
20210510
20210511
20210512
20210513
20210514
20210517
20210518
20210519
20210520
20210521
20210524
20210525
20210526
20210527
20210528
20210531
20210601
20210602
20210604
20210607
20210608
20210609
20210610
20210611
20210614
20210615
20210616
20210617
20210618
20210621
20210622
20210623
20210624
20210625
20210628
20210629
20210630
20210701
20210702
20210705
20210706
20210707
20210708
20210709
20210712
20210713
20210714
20210715
20210716
20210719
20210720
20210721
20210722
20210723
20210726
20210727
20210728
20210729
20210730
20210802
20210803
20210804
20210805
20210806
20210809
20210810
20210811
20210812
20210813
20210816
20210817
20210818
20210819
20210820
20210823
20210824
20210825
20210826
20210827
20210830
20210831
20210901
20210902
20210903
20210906
20210908
20210909
20210910
20210913
20210914
20210915
20210916
20210917
20210920
20210921
20210922
20210923
20210924
20210927
20210928
20210929
20210930
20211001
20211004
20211005
20211006
20211007
20211008
20211011
20211013
20211014
20211015
20211018
20211019
20211020
20211021
20211022
20211025
20211026
20211027
20211028
20211029
20211101
20211103
20211104
20211105
20211108
20211109
20211110
20211111
20211112
20211116
20211117
20211118
20211119
20211122
20211123
20211124
20211125
20211126
20211129
20211130
20211201
20211202
20211203
20211206
20211207
20211208
20211209
20211210
20211213
20211214
20211215
20211216
20211217
20211220
20211221
20211222
20211223
20211224
20211227
20211228
20211229
20211230
20211231
20220103
20220104
20220105
20220106
20220107
20220110
20220111
20220112
20220113
20220114
20220117
20220118
20220119
20220120
20220121
20220124
20220125
20220126
20220127
20220128
20220131
20220201
20220202
20220203
20220204
20220207
20220208
20220209
20220210
20220211
20220214
20220215
20220216
20220217
20220218
20220221
20220222
20220223
20220224
20220225
20220302
20220303
20220304
20220307
20220308
20220309
20220310
20220311
20220314
20220315
20220316
20220317
20220318
20220321
20220322
20220323
20220324
20220325
20220328
20220329
20220330
20220331
20220401
20220404
20220405
20220406
20220407
20220408
20220411
20220412
20220413
20220414
20220418
20220419
20220420
20220422
20220425
20220426
20220427
20220428
20220429
20220502
20220503
20220504
20220505
20220506
20220509
20220510
20220511
20220512
20220513
20220516
20220517
20220518
20220519
20220520
20220523
20220524
20220525
20220526
20220527
20220530
20220531
20220601
20220602
20220603
20220606
20220607
20220608
20220609
20220610
20220613
20220614
20220615
20220617
20220620
20220621
20220622
20220623
20220624
20220627
20220628
20220629
20220630
20220701
20220704
20220705
20220706
20220707
20220708
20220711
20220712
20220713
20220714
20220715
20220718
20220719
20220720
20220721
20220722
20220725
20220726
20220727
20220728
20220729
20220801
20220802
20220803
20220804
20220805
20220808
20220809
20220810
20220811
20220812
20220815
20220816
20220817
20220818
20220819
20220822
20220823
20220824
20220825
20220826
20220829
20220830
20220831
20220901
20220902
20220905
20220906
20220908
20220909
20220912
20220913
20220914
20220915
20220916
20220919
20220920
20220921
20220922
20220923
20220926
20220927
20220928
20220929
20220930
20221003
20221004
20221005
20221006
20221007
20221010
20221011
20221013
20221014
20221017
20221018
20221019
20221020
20221021
20221024
20221025
20221026
20221027
20221028
20221031
20221101
20221103
20221104
20221107
20221108
20221109
20221110
20221111
20221114
20221116
20221117
20221118
20221121
20221122
20221123
20221124
20221125
20221128
20221129
20221130
20221201
20221202
20221205
20221206
20221207
20221208
20221209
20221212
20221213
20221214
20221215
20221216
20221219
20221220
20221221
20221222
20221223
20221226
20221227
20221228
20221229
20221230
20230102
20230103
20230104
20230105
20230106
20230109
20230110
20230111
20230112
20230113
20230116
20230117
20230118
20230119
20230120
20230123
20230124
20230125
20230126
20230127
20230130
20230131
20230201
20230202
20230203
20230206
20230207
20230208
20230209
20230210
20230213
20230214
20230215
20230216
20230217
20230222
20230223
20230224
20230227
20230228
20230301
20230302
20230303
20230306
20230307
20230308
20230309
20230310
20230313
20230314
20230315
20230316
20230317
20230320
20230321
20230322
20230323
20230324
20230327
20230328
20230329
20230330
20230331
20230403
20230404
20230405
20230406
20230410
20230411
20230412
20230413
20230414
20230417
20230418
20230419
20230420
20230424
20230425
20230426
20230427
20230428
20230502
20230503
20230504
20230505
20230508
20230509
20230510
20230511
20230512
20230515
20230516
20230517
20230518
20230519
20230522
20230523
20230524
20230525
20230526
20230529
20230530
20230531
20230601
20230602
20230605
20230606
20230607
20230609
20230612
20230613
20230614
20230615
20230616
20230619
20230620
20230621
20230622
20230623
20230626
20230627
20230628
20230629
20230630
20230703
20230704
20230705
20230706
20230707
20230710
20230711
20230712
20230713
20230714
20230717
20230718
20230719
20230720
20230721
20230724
20230725
20230726
20230727
20230728
20230731
20230801
20230802
20230803
20230804
20230807
20230808
20230809
20230810
20230811
20230814
20230815
20230816
20230817
20230818
20230821
20230822
20230823
20230824
20230825
20230828
20230829
20230830
20230831
20230901
20230904
20230905
20230906
20230908
20230911
20230912
20230913
20230914
20230915
20230918
20230919
20230920
20230921
20230922
20230925
20230926
20230927
20230928
20230929
20231002
20231003
20231004
20231005
20231006
20231009
20231010
20231011
20231013
20231016
20231017
20231018
20231019
20231020
20231023
20231024
20231025
20231026
20231027
20231030
20231031
20231101
20231103
20231106
20231107
20231108
20231109
20231110
20231113
20231114
20231116
20231117
20231120
20231121
20231122
20231123
20231124
20231127
20231128
20231129
20231130
20231201
20231204
20231205
20231206
20231207
20231208
20231211
20231212
20231213
20231214
20231215
20231218
20231219
20231220
20231221
20231222
20231226
20231227
20231228
20231229
20240102
20240103
20240104
20240105
20240108
20240109
20240110
20240111
20240112
20240115
20240116
20240117
20240118
20240119
20240122
20240123
20240124
20240125
20240126
20240129
20240130
20240131
20240201
20240202
20240205
20240206
20240207
20240208
20240209
20240214
20240215
20240216
20240219
20240220
20240221
20240222
20240223
20240226
20240227
20240228
20240229
20240301
20240304
20240305
20240306
20240307
20240308
20240311
20240312
20240313
20240314
20240315
20240318
20240319
20240320
20240321
20240322
20240325
20240326
20240327
20240328
20240401
20240402
20240403
20240404
20240405
20240408
20240409
20240410
20240411
20240412
20240415
20240416
20240417
20240418
20240419
20240422
20240423
20240424
20240425
20240426
20240429
20240430
20240502
20240503
20240506
20240507
20240508
20240509
20240510
20240513
20240514
20240515
20240516
20240517
20240520
20240521
20240522
20240523
20240524
20240527
20240528
20240529
20240531
20240603
20240604
20240605
20240606
20240607
20240610
20240611
20240612
20240613
20240614
20240617
20240618
20240619
20240620
20240621
20240624
20240625
20240626
20240627
20240628
20240701
20240702
20240703
20240704
20240705
20240708
20240709
20240710
20240711
20240712
20240715
20240716
20240717
20240718
20240719
20240722
20240723
20240724
20240725
20240726
20240729
20240730
20240731
20240801
20240802
20240805
20240806
20240807
20240808
20240809
20240812
20240813
20240814
20240815
20240816
20240819
20240820
20240821
20240822
20240823
20240826
20240827
20240828
20240829
20240830
20240902
20240903
20240904
20240905
20240906
20240909
20240910
20240911
20240912
20240913
20240916
20240917
20240918
20240919
20240920
20240923
20240924
20240925
20240926
20240927
20240930
20241001
20241002
20241003
20241004
20241007
20241008
20241009
20241010
20241011
20241014
20241015
20241016
20241017
20241018
20241021
20241022
20241023
20241024
20241025
20241028
20241029
20241030
20241031
20241101
20241104
20241105
20241106
20241107
20241108
20241111
20241112
20241113
20241114
20241118
20241119
20241120
20241121
20241122
20241125
20241126
20241127
20241128
20241129
20241202
20241203
20241204
20241205
20241206
20241209
20241210
20241211
20241212
20241213
20241216
20241217
20241218
20241219
20241220
20241223
20241224
20241226
20241227
20241230
20241231
20250102
20250103
20250106
20250107
20250108
20250109
20250110
20250113
20250114
20250115
20250116
20250117
20250120
20250121
20250122
20250123
20250124
20250127
20250128
20250129
20250130
20250131
20250203
20250204
20250205
20250206
20250207
20250210
20250211
20250212
20250213
20250214
20250217
20250218
20250219
20250220
20250221
20250224
20250225
20250226
20250227
20250228
20250305
20250306
20250307
20250310
20250311
20250312
20250313
20250314
20250317
20250318
20250319
20250320
20250321
20250324
20250325
20250326
20250327
20250328
20250331
20250401
20250402
20250403
20250404
20250407
20250408
20250409
20250410
20250411
20250414
20250415
20250416
20250417
20250422
20250423
20250424
20250425
20250428
20250429
20250430
20250502
20250505
20250506
20250507
20250508
20250509
20250512
20250513
20250514
20250515
20250516
20250519
20250520
20250521
20250522
20250523
20250526
20250527
20250528
20250529
20250530
20250602
20250603
20250604
20250605
20250606
20250609
20250610
20250611
20250612
20250613
20250616
20250617
20250618
20250620
20250623
20250624
20250625
20250626
20250627
20250630
20250701
20250702
20250703
20250704
20250707
20250708
20250709
20250710
20250711
20250714
20250715
20250716
20250717
20250718
20250721
20250722
20250723
20250724
20250725
20250728
20250729
20250730
20250731
20250801
20250804
20250805
20250806
20250807
20250808
20250811
20250812
20250813
20250814
20250815
20250818
20250819
20250820
20250821
20250822
20250825
20250826
20250827
20250828
20250829
20250901
20250902
20250903
20250904
20250905
20250908
20250909
20250910
20250911
20250912
20250915
20250916
20250917
20250918
20250919
20250922
20250923
20250924
20250925
20250926
20250929
20250930
20251001
20251002
20251003
20251006
20251007
20251008
20251009
20251010
20251013
20251014
20251015
20251016
20251017
20251020
20251021
20251022
20251023
20251024
20251027
20251028
20251029
20251030
20251031
20251103
20251104
20251105
20251106
20251107
20251110
20251111
20251112
20251113
20251114
20251117
20251118
20251119
20251120
20251121
20251124
20251125
20251126
20251127
20251128
20251201
20251202
20251203
20251204
20251205
20251208
20251209
20251210
20251211
20251212
20251215
20251216
20251217
20251218
20251219
20251222
20251223
20251224
20251226
20251229
20251230
20251231
20260102
20260105
20260106
20260107
20260108
20260109
20260112
20260113
20260114
20260115
20260116
20260119
20260120
20260121
20260122
20260123
20260126
20260127
20260128
20260129
20260130
20260202
20260203
20260204
20260205
20260206
20260209
20260210
20260211
20260212
20260213
20260218
20260219
20260220
20260223
20260224
20260225
20260226
20260227
20260302
20260303
20260304
20260305
20260306
20260309
20260310
20260311
20260312
20260313
20260316
20260317
20260318
20260319
20260320
20260323
20260324
20260325
20260326
20260327
20260330
20260331
20260401
20260402
20260406
20260407
20260408
20260409
20260410
20260413
20260414
20260415
20260416
20260417
20260420
20260422
20260423
20260424
20260427
20260428
20260429
20260430
20260504
20260505
20260506
20260507
20260508
20260511
20260512
20260513
20260514
20260515
20260518
20260519
20260520
20260521
20260522
20260525
20260526
20260527
20260528
20260529
20260601
20260602
20260603
20260605
20260608
20260609
20260610
20260611
20260612
20260615
20260616
20260617
20260618
20260619
20260622
20260623
20260624
20260625
20260626
20260629
20260630
20260701
20260702
20260703
20260706
20260707
20260708
20260709
20260710
20260713
20260714
20260715
20260716
20260717
20260720
20260721
20260722
20260723
20260724
20260727
20260728
20260729
20260730
20260731
20260803
20260804
20260805
20260806
20260807
20260810
20260811
20260812
20260813
20260814
20260817
20260818
20260819
20260820
20260821
20260824
20260825
20260826
20260827
20260828
20260831
20260901
20260902
20260903
20260904
20260908
20260909
20260910
20260911
20260914
20260915
20260916
20260917
20260918
20260921
20260922
20260923
20260924
20260925
20260928
20260929
20260930
20261001
20261002
20261005
20261006
20261007
20261008
20261009
20261013
20261014
20261015
20261016
20261019
20261020
20261021
20261022
20261023
20261026
20261027
20261028
20261029
20261030
20261103
20261104
20261105
20261106
20261109
20261110
20261111
20261112
20261113
20261116
20261117
20261118
20261119
20261120
20261123
20261124
20261125
20261126
20261127
20261130
20261201
20261202
20261203
20261204
20261207
20261208
20261209
20261210
20261211
20261214
20261215
20261216
20261217
20261218
20261221
20261222
20261223
20261224
20261228
20261229
20261230
20261231
20270104
20270105
20270106
20270107
20270108
20270111
20270112
20270113
20270114
20270115
20270118
20270119
20270120
20270121
20270122
20270125
20270126
20270127
20270128
20270129
20270201
20270202
20270203
20270204
20270205
20270210
20270211
20270212
20270215
20270216
20270217
20270218
20270219
20270222
20270223
20270224
20270225
20270226
20270301
20270302
20270303
20270304
20270305
20270308
20270309
20270310
20270311
20270312
20270315
20270316
20270317
20270318
20270319
20270322
20270323
20270324
20270325
20270329
20270330
20270331
20270401
20270402
20270405
20270406
20270407
20270408
20270409
20270412
20270413
20270414
20270415
20270416
20270419
20270420
20270422
20270423
20270426
20270427
20270428
20270429
20270430
20270503
20270504
20270505
20270506
20270507
20270510
20270511
20270512
20270513
20270514
20270517
20270518
20270519
20270520
20270521
20270524
20270525
20270526
20270528
20270531
20270601
20270602
20270603
20270604
20270607
20270608
20270609
20270610
20270611
20270614
20270615
20270616
20270617
20270618
20270621
20270622
20270623
20270624
20270625
20270628
20270629
20270630
20270701
20270702
20270705
20270706
20270707
20270708
20270709
20270712
20270713
20270714
20270715
20270716
20270719
20270720
20270721
20270722
20270723
20270726
20270727
20270728
20270729
20270730
20270802
20270803
20270804
20270805
20270806
20270809
20270810
20270811
20270812
20270813
20270816
20270817
20270818
20270819
20270820
20270823
20270824
20270825
20270826
20270827
20270830
20270831
20270901
20270902
20270903
20270906
20270908
20270909
20270910
20270913
20270914
20270915
20270916
20270917
20270920
20270921
20270922
20270923
20270924
20270927
20270928
20270929
20270930
20271001
20271004
20271005
20271006
20271007
20271008
20271011
20271013
20271014
20271015
20271018
20271019
20271020
20271021
20271022
20271025
20271026
20271027
20271028
20271029
20271101
20271103
20271104
20271105
20271108
20271109
20271110
20271111
20271112
20271116
20271117
20271118
20271119
20271122
20271123
20271124
20271125
20271126
20271129
20271130
20271201
20271202
20271203
20271206
20271207
20271208
20271209
20271210
20271213
20271214
20271215
20271216
20271217
20271220
20271221
20271222
20271223
20271224
20271227
20271228
20271229
20271230
20271231
20280103
20280104
20280105
20280106
20280107
20280110
20280111
20280112
20280113
20280114
20280117
20280118
20280119
20280120
20280121
20280124
20280125
20280126
20280127
20280128
20280131
20280201
20280202
20280203
20280204
20280207
20280208
20280209
20280210
20280211
20280214
20280215
20280216
20280217
20280218
20280221
20280222
20280223
20280224
20280225
20280301
20280302
20280303
20280306
20280307
20280308
20280309
20280310
20280313
20280314
20280315
20280316
20280317
20280320
20280321
20280322
20280323
20280324
20280327
20280328
20280329
20280330
20280331
20280403
20280404
20280405
20280406
20280407
20280410
20280411
20280412
20280413
20280417
20280418
20280419
20280420
20280424
20280425
20280426
20280427
20280428
20280502
20280503
20280504
20280505
20280508
20280509
20280510
20280511
20280512
20280515
20280516
20280517
20280518
20280519
20280522
20280523
20280524
20280525
20280526
20280529
20280530
20280531
20280601
20280602
20280605
20280606
20280607
20280608
20280609
20280612
20280613
20280614
20280616
20280619
20280620
20280621
20280622
20280623
20280626
20280627
20280628
20280629
20280630
20280703
20280704
20280705
20280706
20280707
20280710
20280711
20280712
20280713
20280714
20280717
20280718
20280719
20280720
20280721
20280724
20280725
20280726
20280727
20280728
20280731
20280801
20280802
20280803
20280804
20280807
20280808
20280809
20280810
20280811
20280814
20280815
20280816
20280817
20280818
20280821
20280822
20280823
20280824
20280825
20280828
20280829
20280830
20280831
20280901
20280904
20280905
20280906
20280908
20280911
20280912
20280913
20280914
20280915
20280918
20280919
20280920
20280921
20280922
20280925
20280926
20280927
20280928
20280929
20281002
20281003
20281004
20281005
20281006
20281009
20281010
20281011
20281013
20281016
20281017
20281018
20281019
20281020
20281023
20281024
20281025
20281026
20281027
20281030
20281031
20281101
20281103
20281106
20281107
20281108
20281109
20281110
20281113
20281114
20281116
20281117
20281120
20281121
20281122
20281123
20281124
20281127
20281128
20281129
20281130
20281201
20281204
20281205
20281206
20281207
20281208
20281211
20281212
20281213
20281214
20281215
20281218
20281219
20281220
20281221
20281222
20281226
20281227
20281228
20281229
20290102
20290103
20290104
20290105
20290108
20290109
20290110
20290111
20290112
20290115
20290116
20290117
20290118
20290119
20290122
20290123
20290124
20290125
20290126
20290129
20290130
20290131
20290201
20290202
20290205
20290206
20290207
20290208
20290209
20290214
20290215
20290216
20290219
20290220
20290221
20290222
20290223
20290226
20290227
20290228
20290301
20290302
20290305
20290306
20290307
20290308
20290309
20290312
20290313
20290314
20290315
20290316
20290319
20290320
20290321
20290322
20290323
20290326
20290327
20290328
20290329
20290402
20290403
20290404
20290405
20290406
20290409
20290410
20290411
20290412
20290413
20290416
20290417
20290418
20290419
20290420
20290423
20290424
20290425
20290426
20290427
20290430
20290502
20290503
20290504
20290507
20290508
20290509
20290510
20290511
20290514
20290515
20290516
20290517
20290518
20290521
20290522
20290523
20290524
20290525
20290528
20290529
20290530
20290601
20290604
20290605
20290606
20290607
20290608
20290611
20290612
20290613
20290614
20290615
20290618
20290619
20290620
20290621
20290622
20290625
20290626
20290627
20290628
20290629
20290702
20290703
20290704
20290705
20290706
20290709
20290710
20290711
20290712
20290713
20290716
20290717
20290718
20290719
20290720
20290723
20290724
20290725
20290726
20290727
20290730
20290731
20290801
20290802
20290803
20290806
20290807
20290808
20290809
20290810
20290813
20290814
20290815
20290816
20290817
20290820
20290821
20290822
20290823
20290824
20290827
20290828
20290829
20290830
20290831
20290903
20290904
20290905
20290906
20290910
20290911
20290912
20290913
20290914
20290917
20290918
20290919
20290920
20290921
20290924
20290925
20290926
20290927
20290928
20291001
20291002
20291003
20291004
20291005
20291008
20291009
20291010
20291011
20291015
20291016
20291017
20291018
20291019
20291022
20291023
20291024
20291025
20291026
20291029
20291030
20291031
20291101
20291105
20291106
20291107
20291108
20291109
20291112
20291113
20291114
20291116
20291119
20291120
20291121
20291122
20291123
20291126
20291127
20291128
20291129
20291130
20291203
20291204
20291205
20291206
20291207
20291210
20291211
20291212
20291213
20291214
20291217
20291218
20291219
20291220
20291221
20291224
20291226
20291227
20291228
20291231
20300102
20300103
20300104
20300107
20300108
20300109
20300110
20300111
20300114
20300115
20300116
20300117
20300118
20300121
20300122
20300123
20300124
20300125
20300128
20300129
20300130
20300131
20300201
20300204
20300205
20300206
20300207
20300208
20300211
20300212
20300213
20300214
20300215
20300218
20300219
20300220
20300221
20300222
20300225
20300226
20300227
20300228
20300301
20300306
20300307
20300308
20300311
20300312
20300313
20300314
20300315
20300318
20300319
20300320
20300321
20300322
20300325
20300326
20300327
20300328
20300329
20300401
20300402
20300403
20300404
20300405
20300408
20300409
20300410
20300411
20300412
20300415
20300416
20300417
20300418
20300422
20300423
20300424
20300425
20300426
20300429
20300430
20300502
20300503
20300506
20300507
20300508
20300509
20300510
20300513
20300514
20300515
20300516
20300517
20300520
20300521
20300522
20300523
20300524
20300527
20300528
20300529
20300530
20300531
20300603
20300604
20300605
20300606
20300607
20300610
20300611
20300612
20300613
20300614
20300617
20300618
20300619
20300621
20300624
20300625
20300626
20300627
20300628
20300701
20300702
20300703
20300704
20300705
20300708
20300709
20300710
20300711
20300712
20300715
20300716
20300717
20300718
20300719
20300722
20300723
20300724
20300725
20300726
20300729
20300730
20300731
20300801
20300802
20300805
20300806
20300807
20300808
20300809
20300812
20300813
20300814
20300815
20300816
20300819
20300820
20300821
20300822
20300823
20300826
20300827
20300828
20300829
20300830
20300902
20300903
20300904
20300905
20300906
20300909
20300910
20300911
20300912
20300913
20300916
20300917
20300918
20300919
20300920
20300923
20300924
20300925
20300926
20300927
20300930
20301001
20301002
20301003
20301004
20301007
20301008
20301009
20301010
20301011
20301014
20301015
20301016
20301017
20301018
20301021
20301022
20301023
20301024
20301025
20301028
20301029
20301030
20301031
20301101
20301104
20301105
20301106
20301107
20301108
20301111
20301112
20301113
20301114
20301118
20301119
20301120
20301121
20301122
20301125
20301126
20301127
20301128
20301129
20301202
20301203
20301204
20301205
20301206
20301209
20301210
20301211
20301212
20301213
20301216
20301217
20301218
20301219
20301220
20301223
20301224
20301226
20301227
20301230
20301231
20310102
20310103
20310106
20310107
20310108
20310109
20310110
20310113
20310114
20310115
20310116
20310117
20310120
20310121
20310122
20310123
20310124
20310127
20310128
20310129
20310130
20310131
20310203
20310204
20310205
20310206
20310207
20310210
20310211
20310212
20310213
20310214
20310217
20310218
20310219
20310220
20310221
20310226
20310227
20310228
20310303
20310304
20310305
20310306
20310307
20310310
20310311
20310312
20310313
20310314
20310317
20310318
20310319
20310320
20310321
20310324
20310325
20310326
20310327
20310328
20310331
20310401
20310402
20310403
20310404
20310407
20310408
20310409
20310410
20310414
20310415
20310416
20310417
20310418
20310422
20310423
20310424
20310425
20310428
20310429
20310430
20310502
20310505
20310506
20310507
20310508
20310509
20310512
20310513
20310514
20310515
20310516
20310519
20310520
20310521
20310522
20310523
20310526
20310527
20310528
20310529
20310530
20310602
20310603
20310604
20310605
20310606
20310609
20310610
20310611
20310613
20310616
20310617
20310618
20310619
20310620
20310623
20310624
20310625
20310626
20310627
20310630
20310701
20310702
20310703
20310704
20310707
20310708
20310709
20310710
20310711
20310714
20310715
20310716
20310717
20310718
20310721
20310722
20310723
20310724
20310725
20310728
20310729
20310730
20310731
20310801
20310804
20310805
20310806
20310807
20310808
20310811
20310812
20310813
20310814
20310815
20310818
20310819
20310820
20310821
20310822
20310825
20310826
20310827
20310828
20310829
20310901
20310902
20310903
20310904
20310905
20310908
20310909
20310910
20310911
20310912
20310915
20310916
20310917
20310918
20310919
20310922
20310923
20310924
20310925
20310926
20310929
20310930
20311001
20311002
20311003
20311006
20311007
20311008
20311009
20311010
20311013
20311014
20311015
20311016
20311017
20311020
20311021
20311022
20311023
20311024
20311027
20311028
20311029
20311030
20311031
20311103
20311104
20311105
20311106
20311107
20311110
20311111
20311112
20311113
20311114
20311117
20311118
20311119
20311120
20311121
20311124
20311125
20311126
20311127
20311128
20311201
20311202
20311203
20311204
20311205
20311208
20311209
20311210
20311211
20311212
20311215
20311216
20311217
20311218
20311219
20311222
20311223
20311224
20311226
20311229
20311230
20311231
20320102
20320105
20320106
20320107
20320108
20320109
20320112
20320113
20320114
20320115
20320116
20320119
20320120
20320121
20320122
20320123
20320126
20320127
20320128
20320129
20320130
20320202
20320203
20320204
20320205
20320206
20320211
20320212
20320213
20320216
20320217
20320218
20320219
20320220
20320223
20320224
20320225
20320226
20320227
20320301
20320302
20320303
20320304
20320305
20320308
20320309
20320310
20320311
20320312
20320315
20320316
20320317
20320318
20320319
20320322
20320323
20320324
20320325
20320329
20320330
20320331
20320401
20320402
20320405
20320406
20320407
20320408
20320409
20320412
20320413
20320414
20320415
20320416
20320419
20320420
20320422
20320423
20320426
20320427
20320428
20320429
20320430
20320503
20320504
20320505
20320506
20320507
20320510
20320511
20320512
20320513
20320514
20320517
20320518
20320519
20320520
20320521
20320524
20320525
20320526
20320528
20320531
20320601
20320602
20320603
20320604
20320607
20320608
20320609
20320610
20320611
20320614
20320615
20320616
20320617
20320618
20320621
20320622
20320623
20320624
20320625
20320628
20320629
20320630
20320701
20320702
20320705
20320706
20320707
20320708
20320709
20320712
20320713
20320714
20320715
20320716
20320719
20320720
20320721
20320722
20320723
20320726
20320727
20320728
20320729
20320730
20320802
20320803
20320804
20320805
20320806
20320809
20320810
20320811
20320812
20320813
20320816
20320817
20320818
20320819
20320820
20320823
20320824
20320825
20320826
20320827
20320830
20320831
20320901
20320902
20320903
20320906
20320908
20320909
20320910
20320913
20320914
20320915
20320916
20320917
20320920
20320921
20320922
20320923
20320924
20320927
20320928
20320929
20320930
20321001
20321004
20321005
20321006
20321007
20321008
20321011
20321013
20321014
20321015
20321018
20321019
20321020
20321021
20321022
20321025
20321026
20321027
20321028
20321029
20321101
20321103
20321104
20321105
20321108
20321109
20321110
20321111
20321112
20321116
20321117
20321118
20321119
20321122
20321123
20321124
20321125
20321126
20321129
20321130
20321201
20321202
20321203
20321206
20321207
20321208
20321209
20321210
20321213
20321214
20321215
20321216
20321217
20321220
20321221
20321222
20321223
20321224
20321227
20321228
20321229
20321230
20321231
20330103
20330104
20330105
20330106
20330107
20330110
20330111
20330112
20330113
20330114
20330117
20330118
20330119
20330120
20330121
20330124
20330125
20330126
20330127
20330128
20330131
20330201
20330202
20330203
20330204
20330207
20330208
20330209
20330210
20330211
20330214
20330215
20330216
20330217
20330218
20330221
20330222
20330223
20330224
20330225
20330302
20330303
20330304
20330307
20330308
20330309
20330310
20330311
20330314
20330315
20330316
20330317
20330318
20330321
20330322
20330323
20330324
20330325
20330328
20330329
20330330
20330331
20330401
20330404
20330405
20330406
20330407
20330408
20330411
20330412
20330413
20330414
20330418
20330419
20330420
20330422
20330425
20330426
20330427
20330428
20330429
20330502
20330503
20330504
20330505
20330506
20330509
20330510
20330511
20330512
20330513
20330516
20330517
20330518
20330519
20330520
20330523
20330524
20330525
20330526
20330527
20330530
20330531
20330601
20330602
20330603
20330606
20330607
20330608
20330609
20330610
20330613
20330614
20330615
20330617
20330620
20330621
20330622
20330623
20330624
20330627
20330628
20330629
20330630
20330701
20330704
20330705
20330706
20330707
20330708
20330711
20330712
20330713
20330714
20330715
20330718
20330719
20330720
20330721
20330722
20330725
20330726
20330727
20330728
20330729
20330801
20330802
20330803
20330804
20330805
20330808
20330809
20330810
20330811
20330812
20330815
20330816
20330817
20330818
20330819
20330822
20330823
20330824
20330825
20330826
20330829
20330830
20330831
20330901
20330902
20330905
20330906
20330908
20330909
20330912
20330913
20330914
20330915
20330916
20330919
20330920
20330921
20330922
20330923
20330926
20330927
20330928
20330929
20330930
20331003
20331004
20331005
20331006
20331007
20331010
20331011
20331013
20331014
20331017
20331018
20331019
20331020
20331021
20331024
20331025
20331026
20331027
20331028
20331031
20331101
20331103
20331104
20331107
20331108
20331109
20331110
20331111
20331114
20331116
20331117
20331118
20331121
20331122
20331123
20331124
20331125
20331128
20331129
20331130
20331201
20331202
20331205
20331206
20331207
20331208
20331209
20331212
20331213
20331214
20331215
20331216
20331219
20331220
20331221
20331222
20331223
20331226
20331227
20331228
20331229
20331230
20340102
20340103
20340104
20340105
20340106
20340109
20340110
20340111
20340112
20340113
20340116
20340117
20340118
20340119
20340120
20340123
20340124
20340125
20340126
20340127
20340130
20340131
20340201
20340202
20340203
20340206
20340207
20340208
20340209
20340210
20340213
20340214
20340215
20340216
20340217
20340222
20340223
20340224
20340227
20340228
20340301
20340302
20340303
20340306
20340307
20340308
20340309
20340310
20340313
20340314
20340315
20340316
20340317
20340320
20340321
20340322
20340323
20340324
20340327
20340328
20340329
20340330
20340331
20340403
20340404
20340405
20340406
20340410
20340411
20340412
20340413
20340414
20340417
20340418
20340419
20340420
20340424
20340425
20340426
20340427
20340428
20340502
20340503
20340504
20340505
20340508
20340509
20340510
20340511
20340512
20340515
20340516
20340517
20340518
20340519
20340522
20340523
20340524
20340525
20340526
20340529
20340530
20340531
20340601
20340602
20340605
20340606
20340607
20340609
20340612
20340613
20340614
20340615
20340616
20340619
20340620
20340621
20340622
20340623
20340626
20340627
20340628
20340629
20340630
20340703
20340704
20340705
20340706
20340707
20340710
20340711
20340712
20340713
20340714
20340717
20340718
20340719
20340720
20340721
20340724
20340725
20340726
20340727
20340728
20340731
20340801
20340802
20340803
20340804
20340807
20340808
20340809
20340810
20340811
20340814
20340815
20340816
20340817
20340818
20340821
20340822
20340823
20340824
20340825
20340828
20340829
20340830
20340831
20340901
20340904
20340905
20340906
20340908
20340911
20340912
20340913
20340914
20340915
20340918
20340919
20340920
20340921
20340922
20340925
20340926
20340927
20340928
20340929
20341002
20341003
20341004
20341005
20341006
20341009
20341010
20341011
20341013
20341016
20341017
20341018
20341019
20341020
20341023
20341024
20341025
20341026
20341027
20341030
20341031
20341101
20341103
20341106
20341107
20341108
20341109
20341110
20341113
20341114
20341116
20341117
20341120
20341121
20341122
20341123
20341124
20341127
20341128
20341129
20341130
20341201
20341204
20341205
20341206
20341207
20341208
20341211
20341212
20341213
20341214
20341215
20341218
20341219
20341220
20341221
20341222
20341226
20341227
20341228
20341229
20350102
20350103
20350104
20350105
20350108
20350109
20350110
20350111
20350112
20350115
20350116
20350117
20350118
20350119
20350122
20350123
20350124
20350125
20350126
20350129
20350130
20350131
20350201
20350202
20350207
20350208
20350209
20350212
20350213
20350214
20350215
20350216
20350219
20350220
20350221
20350222
20350223
20350226
20350227
20350228
20350301
20350302
20350305
20350306
20350307
20350308
20350309
20350312
20350313
20350314
20350315
20350316
20350319
20350320
20350321
20350322
20350326
20350327
20350328
20350329
20350330
20350402
20350403
20350404
20350405
20350406
20350409
20350410
20350411
20350412
20350413
20350416
20350417
20350418
20350419
20350420
20350423
20350424
20350425
20350426
20350427
20350430
20350502
20350503
20350504
20350507
20350508
20350509
20350510
20350511
20350514
20350515
20350516
20350517
20350518
20350521
20350522
20350523
20350525
20350528
20350529
20350530
20350531
20350601
20350604
20350605
20350606
20350607
20350608
20350611
20350612
20350613
20350614
20350615
20350618
20350619
20350620
20350621
20350622
20350625
20350626
20350627
20350628
20350629
20350702
20350703
20350704
20350705
20350706
20350709
20350710
20350711
20350712
20350713
20350716
20350717
20350718
20350719
20350720
20350723
20350724
20350725
20350726
20350727
20350730
20350731
20350801
20350802
20350803
20350806
20350807
20350808
20350809
20350810
20350813
20350814
20350815
20350816
20350817
20350820
20350821
20350822
20350823
20350824
20350827
20350828
20350829
20350830
20350831
20350903
20350904
20350905
20350906
20350910
20350911
20350912
20350913
20350914
20350917
20350918
20350919
20350920
20350921
20350924
20350925
20350926
20350927
20350928
20351001
20351002
20351003
20351004
20351005
20351008
20351009
20351010
20351011
20351015
20351016
20351017
20351018
20351019
20351022
20351023
20351024
20351025
20351026
20351029
20351030
20351031
20351101
20351105
20351106
20351107
20351108
20351109
20351112
20351113
20351114
20351116
20351119
20351120
20351121
20351122
20351123
20351126
20351127
20351128
20351129
20351130
20351203
20351204
20351205
20351206
20351207
20351210
20351211
20351212
20351213
20351214
20351217
20351218
20351219
20351220
20351221
20351224
20351226
20351227
20351228
20351231
20360102
20360103
20360104
20360107
20360108
20360109
20360110
20360111
20360114
20360115
20360116
20360117
20360118
20360121
20360122
20360123
20360124
20360125
20360128
20360129
20360130
20360131
20360201
20360204
20360205
20360206
20360207
20360208
20360211
20360212
20360213
20360214
20360215
20360218
20360219
20360220
20360221
20360222
20360227
20360228
20360229
20360303
20360304
20360305
20360306
20360307
20360310
20360311
20360312
20360313
20360314
20360317
20360318
20360319
20360320
20360321
20360324
20360325
20360326
20360327
20360328
20360331
20360401
20360402
20360403
20360404
20360407
20360408
20360409
20360410
20360414
20360415
20360416
20360417
20360418
20360422
20360423
20360424
20360425
20360428
20360429
20360430
20360502
20360505
20360506
20360507
20360508
20360509
20360512
20360513
20360514
20360515
20360516
20360519
20360520
20360521
20360522
20360523
20360526
20360527
20360528
20360529
20360530
20360602
20360603
20360604
20360605
20360606
20360609
20360610
20360611
20360613
20360616
20360617
20360618
20360619
20360620
20360623
20360624
20360625
20360626
20360627
20360630
20360701
20360702
20360703
20360704
20360707
20360708
20360709
20360710
20360711
20360714
20360715
20360716
20360717
20360718
20360721
20360722
20360723
20360724
20360725
20360728
20360729
20360730
20360731
20360801
20360804
20360805
20360806
20360807
20360808
20360811
20360812
20360813
20360814
20360815
20360818
20360819
20360820
20360821
20360822
20360825
20360826
20360827
20360828
20360829
20360901
20360902
20360903
20360904
20360905
20360908
20360909
20360910
20360911
20360912
20360915
20360916
20360917
20360918
20360919
20360922
20360923
20360924
20360925
20360926
20360929
20360930
20361001
20361002
20361003
20361006
20361007
20361008
20361009
20361010
20361013
20361014
20361015
20361016
20361017
20361020
20361021
20361022
20361023
20361024
20361027
20361028
20361029
20361030
20361031
20361103
20361104
20361105
20361106
20361107
20361110
20361111
20361112
20361113
20361114
20361117
20361118
20361119
20361120
20361121
20361124
20361125
20361126
20361127
20361128
20361201
20361202
20361203
20361204
20361205
20361208
20361209
20361210
20361211
20361212
20361215
20361216
20361217
20361218
20361219
20361222
20361223
20361224
20361226
20361229
20361230
20361231
20370102
20370105
20370106
20370107
20370108
20370109
20370112
20370113
20370114
20370115
20370116
20370119
20370120
20370121
20370122
20370123
20370126
20370127
20370128
20370129
20370130
20370202
20370203
20370204
20370205
20370206
20370209
20370210
20370211
20370212
20370213
20370218
20370219
20370220
20370223
20370224
20370225
20370226
20370227
20370302
20370303
20370304
20370305
20370306
20370309
20370310
20370311
20370312
20370313
20370316
20370317
20370318
20370319
20370320
20370323
20370324
20370325
20370326
20370327
20370330
20370331
20370401
20370402
20370406
20370407
20370408
20370409
20370410
20370413
20370414
20370415
20370416
20370417
20370420
20370422
20370423
20370424
20370427
20370428
20370429
20370430
20370504
20370505
20370506
20370507
20370508
20370511
20370512
20370513
20370514
20370515
20370518
20370519
20370520
20370521
20370522
20370525
20370526
20370527
20370528
20370529
20370601
20370602
20370603
20370605
20370608
20370609
20370610
20370611
20370612
20370615
20370616
20370617
20370618
20370619
20370622
20370623
20370624
20370625
20370626
20370629
20370630
20370701
20370702
20370703
20370706
20370707
20370708
20370709
20370710
20370713
20370714
20370715
20370716
20370717
20370720
20370721
20370722
20370723
20370724
20370727
20370728
20370729
20370730
20370731
20370803
20370804
20370805
20370806
20370807
20370810
20370811
20370812
20370813
20370814
20370817
20370818
20370819
20370820
20370821
20370824
20370825
20370826
20370827
20370828
20370831
20370901
20370902
20370903
20370904
20370908
20370909
20370910
20370911
20370914
20370915
20370916
20370917
20370918
20370921
20370922
20370923
20370924
20370925
20370928
20370929
20370930
20371001
20371002
20371005
20371006
20371007
20371008
20371009
20371013
20371014
20371015
20371016
20371019
20371020
20371021
20371022
20371023
20371026
20371027
20371028
20371029
20371030
20371103
20371104
20371105
20371106
20371109
20371110
20371111
20371112
20371113
20371116
20371117
20371118
20371119
20371120
20371123
20371124
20371125
20371126
20371127
20371130
20371201
20371202
20371203
20371204
20371207
20371208
20371209
20371210
20371211
20371214
20371215
20371216
20371217
20371218
20371221
20371222
20371223
20371224
20371228
20371229
20371230
20371231
20380104
20380105
20380106
20380107
20380108
20380111
20380112
20380113
20380114
20380115
20380118
20380119
20380120
20380121
20380122
20380125
20380126
20380127
20380128
20380129
20380201
20380202
20380203
20380204
20380205
20380208
20380209
20380210
20380211
20380212
20380215
20380216
20380217
20380218
20380219
20380222
20380223
20380224
20380225
20380226
20380301
20380302
20380303
20380304
20380305
20380310
20380311
20380312
20380315
20380316
20380317
20380318
20380319
20380322
20380323
20380324
20380325
20380326
20380329
20380330
20380331
20380401
20380402
20380405
20380406
20380407
20380408
20380409
20380412
20380413
20380414
20380415
20380416
20380419
20380420
20380422
20380426
20380427
20380428
20380429
20380430
20380503
20380504
20380505
20380506
20380507
20380510
20380511
20380512
20380513
20380514
20380517
20380518
20380519
20380520
20380521
20380524
20380525
20380526
20380527
20380528
20380531
20380601
20380602
20380603
20380604
20380607
20380608
20380609
20380610
20380611
20380614
20380615
20380616
20380617
20380618
20380621
20380622
20380623
20380625
20380628
20380629
20380630
20380701
20380702
20380705
20380706
20380707
20380708
20380709
20380712
20380713
20380714
20380715
20380716
20380719
20380720
20380721
20380722
20380723
20380726
20380727
20380728
20380729
20380730
20380802
20380803
20380804
20380805
20380806
20380809
20380810
20380811
20380812
20380813
20380816
20380817
20380818
20380819
20380820
20380823
20380824
20380825
20380826
20380827
20380830
20380831
20380901
20380902
20380903
20380906
20380908
20380909
20380910
20380913
20380914
20380915
20380916
20380917
20380920
20380921
20380922
20380923
20380924
20380927
20380928
20380929
20380930
20381001
20381004
20381005
20381006
20381007
20381008
20381011
20381013
20381014
20381015
20381018
20381019
20381020
20381021
20381022
20381025
20381026
20381027
20381028
20381029
20381101
20381103
20381104
20381105
20381108
20381109
20381110
20381111
20381112
20381116
20381117
20381118
20381119
20381122
20381123
20381124
20381125
20381126
20381129
20381130
20381201
20381202
20381203
20381206
20381207
20381208
20381209
20381210
20381213
20381214
20381215
20381216
20381217
20381220
20381221
20381222
20381223
20381224
20381227
20381228
20381229
20381230
20381231
20390103
20390104
20390105
20390106
20390107
20390110
20390111
20390112
20390113
20390114
20390117
20390118
20390119
20390120
20390121
20390124
20390125
20390126
20390127
20390128
20390131
20390201
20390202
20390203
20390204
20390207
20390208
20390209
20390210
20390211
20390214
20390215
20390216
20390217
20390218
20390223
20390224
20390225
20390228
20390301
20390302
20390303
20390304
20390307
20390308
20390309
20390310
20390311
20390314
20390315
20390316
20390317
20390318
20390321
20390322
20390323
20390324
20390325
20390328
20390329
20390330
20390331
20390401
20390404
20390405
20390406
20390407
20390411
20390412
20390413
20390414
20390415
20390418
20390419
20390420
20390422
20390425
20390426
20390427
20390428
20390429
20390502
20390503
20390504
20390505
20390506
20390509
20390510
20390511
20390512
20390513
20390516
20390517
20390518
20390519
20390520
20390523
20390524
20390525
20390526
20390527
20390530
20390531
20390601
20390602
20390603
20390606
20390607
20390608
20390610
20390613
20390614
20390615
20390616
20390617
20390620
20390621
20390622
20390623
20390624
20390627
20390628
20390629
20390630
20390701
20390704
20390705
20390706
20390707
20390708
20390711
20390712
20390713
20390714
20390715
20390718
20390719
20390720
20390721
20390722
20390725
20390726
20390727
20390728
20390729
20390801
20390802
20390803
20390804
20390805
20390808
20390809
20390810
20390811
20390812
20390815
20390816
20390817
20390818
20390819
20390822
20390823
20390824
20390825
20390826
20390829
20390830
20390831
20390901
20390902
20390905
20390906
20390908
20390909
20390912
20390913
20390914
20390915
20390916
20390919
20390920
20390921
20390922
20390923
20390926
20390927
20390928
20390929
20390930
20391003
20391004
20391005
20391006
20391007
20391010
20391011
20391013
20391014
20391017
20391018
20391019
20391020
20391021
20391024
20391025
20391026
20391027
20391028
20391031
20391101
20391103
20391104
20391107
20391108
20391109
20391110
20391111
20391114
20391116
20391117
20391118
20391121
20391122
20391123
20391124
20391125
20391128
20391129
20391130
20391201
20391202
20391205
20391206
20391207
20391208
20391209
20391212
20391213
20391214
20391215
20391216
20391219
20391220
20391221
20391222
20391223
20391226
20391227
20391228
20391229
20391230
20400102
20400103
20400104
20400105
20400106
20400109
20400110
20400111
20400112
20400113
20400116
20400117
20400118
20400119
20400120
20400123
20400124
20400125
20400126
20400127
20400130
20400131
20400201
20400202
20400203
20400206
20400207
20400208
20400209
20400210
20400215
20400216
20400217
20400220
20400221
20400222
20400223
20400224
20400227
20400228
20400229
20400301
20400302
20400305
20400306
20400307
20400308
20400309
20400312
20400313
20400314
20400315
20400316
20400319
20400320
20400321
20400322
20400323
20400326
20400327
20400328
20400329
20400402
20400403
20400404
20400405
20400406
20400409
20400410
20400411
20400412
20400413
20400416
20400417
20400418
20400419
20400420
20400423
20400424
20400425
20400426
20400427
20400430
20400502
20400503
20400504
20400507
20400508
20400509
20400510
20400511
20400514
20400515
20400516
20400517
20400518
20400521
20400522
20400523
20400524
20400525
20400528
20400529
20400530
20400601
20400604
20400605
20400606
20400607
20400608
20400611
20400612
20400613
20400614
20400615
20400618
20400619
20400620
20400621
20400622
20400625
20400626
20400627
20400628
20400629
20400702
20400703
20400704
20400705
20400706
20400709
20400710
20400711
20400712
20400713
20400716
20400717
20400718
20400719
20400720
20400723
20400724
20400725
20400726
20400727
20400730
20400731
20400801
20400802
20400803
20400806
20400807
20400808
20400809
20400810
20400813
20400814
20400815
20400816
20400817
20400820
20400821
20400822
20400823
20400824
20400827
20400828
20400829
20400830
20400831
20400903
20400904
20400905
20400906
20400910
20400911
20400912
20400913
20400914
20400917
20400918
20400919
20400920
20400921
20400924
20400925
20400926
20400927
20400928
20401001
20401002
20401003
20401004
20401005
20401008
20401009
20401010
20401011
20401015
20401016
20401017
20401018
20401019
20401022
20401023
20401024
20401025
20401026
20401029
20401030
20401031
20401101
20401105
20401106
20401107
20401108
20401109
20401112
20401113
20401114
20401116
20401119
20401120
20401121
20401122
20401123
20401126
20401127
20401128
20401129
20401130
20401203
20401204
20401205
20401206
20401207
20401210
20401211
20401212
20401213
20401214
20401217
20401218
20401219
20401220
20401221
20401224
20401226
20401227
20401228
20401231
20410102
20410103
20410104
20410107
20410108
20410109
20410110
20410111
20410114
20410115
20410116
20410117
20410118
20410121
20410122
20410123
20410124
20410125
20410128
20410129
20410130
20410131
20410201
20410204
20410205
20410206
20410207
20410208
20410211
20410212
20410213
20410214
20410215
20410218
20410219
20410220
20410221
20410222
20410225
20410226
20410227
20410228
20410301
20410306
20410307
20410308
20410311
20410312
20410313
20410314
20410315
20410318
20410319
20410320
20410321
20410322
20410325
20410326
20410327
20410328
20410329
20410401
20410402
20410403
20410404
20410405
20410408
20410409
20410410
20410411
20410412
20410415
20410416
20410417
20410418
20410422
20410423
20410424
20410425
20410426
20410429
20410430
20410502
20410503
20410506
20410507
20410508
20410509
20410510
20410513
20410514
20410515
20410516
20410517
20410520
20410521
20410522
20410523
20410524
20410527
20410528
20410529
20410530
20410531
20410603
20410604
20410605
20410606
20410607
20410610
20410611
20410612
20410613
20410614
20410617
20410618
20410619
20410621
20410624
20410625
20410626
20410627
20410628
20410701
20410702
20410703
20410704
20410705
20410708
20410709
20410710
20410711
20410712
20410715
20410716
20410717
20410718
20410719
20410722
20410723
20410724
20410725
20410726
20410729
20410730
20410731
20410801
20410802
20410805
20410806
20410807
20410808
20410809
20410812
20410813
20410814
20410815
20410816
20410819
20410820
20410821
20410822
20410823
20410826
20410827
20410828
20410829
20410830
20410902
20410903
20410904
20410905
20410906
20410909
20410910
20410911
20410912
20410913
20410916
20410917
20410918
20410919
20410920
20410923
20410924
20410925
20410926
20410927
20410930
20411001
20411002
20411003
20411004
20411007
20411008
20411009
20411010
20411011
20411014
20411015
20411016
20411017
20411018
20411021
20411022
20411023
20411024
20411025
20411028
20411029
20411030
20411031
20411101
20411104
20411105
20411106
20411107
20411108
20411111
20411112
20411113
20411114
20411118
20411119
20411120
20411121
20411122
20411125
20411126
20411127
20411128
20411129
20411202
20411203
20411204
20411205
20411206
20411209
20411210
20411211
20411212
20411213
20411216
20411217
20411218
20411219
20411220
20411223
20411224
20411226
20411227
20411230
20411231
20420102
20420103
20420106
20420107
20420108
20420109
20420110
20420113
20420114
20420115
20420116
20420117
20420120
20420121
20420122
20420123
20420124
20420127
20420128
20420129
20420130
20420131
20420203
20420204
20420205
20420206
20420207
20420210
20420211
20420212
20420213
20420214
20420219
20420220
20420221
20420224
20420225
20420226
20420227
20420228
20420303
20420304
20420305
20420306
20420307
20420310
20420311
20420312
20420313
20420314
20420317
20420318
20420319
20420320
20420321
20420324
20420325
20420326
20420327
20420328
20420331
20420401
20420402
20420403
20420407
20420408
20420409
20420410
20420411
20420414
20420415
20420416
20420417
20420418
20420422
20420423
20420424
20420425
20420428
20420429
20420430
20420502
20420505
20420506
20420507
20420508
20420509
20420512
20420513
20420514
20420515
20420516
20420519
20420520
20420521
20420522
20420523
20420526
20420527
20420528
20420529
20420530
20420602
20420603
20420604
20420606
20420609
20420610
20420611
20420612
20420613
20420616
20420617
20420618
20420619
20420620
20420623
20420624
20420625
20420626
20420627
20420630
20420701
20420702
20420703
20420704
20420707
20420708
20420709
20420710
20420711
20420714
20420715
20420716
20420717
20420718
20420721
20420722
20420723
20420724
20420725
20420728
20420729
20420730
20420731
20420801
20420804
20420805
20420806
20420807
20420808
20420811
20420812
20420813
20420814
20420815
20420818
20420819
20420820
20420821
20420822
20420825
20420826
20420827
20420828
20420829
20420901
20420902
20420903
20420904
20420905
20420908
20420909
20420910
20420911
20420912
20420915
20420916
20420917
20420918
20420919
20420922
20420923
20420924
20420925
20420926
20420929
20420930
20421001
20421002
20421003
20421006
20421007
20421008
20421009
20421010
20421013
20421014
20421015
20421016
20421017
20421020
20421021
20421022
20421023
20421024
20421027
20421028
20421029
20421030
20421031
20421103
20421104
20421105
20421106
20421107
20421110
20421111
20421112
20421113
20421114
20421117
20421118
20421119
20421120
20421121
20421124
20421125
20421126
20421127
20421128
20421201
20421202
20421203
20421204
20421205
20421208
20421209
20421210
20421211
20421212
20421215
20421216
20421217
20421218
20421219
20421222
20421223
20421224
20421226
20421229
20421230
20421231
20430102
20430105
20430106
20430107
20430108
20430109
20430112
20430113
20430114
20430115
20430116
20430119
20430120
20430121
20430122
20430123
20430126
20430127
20430128
20430129
20430130
20430202
20430203
20430204
20430205
20430206
20430211
20430212
20430213
20430216
20430217
20430218
20430219
20430220
20430223
20430224
20430225
20430226
20430227
20430302
20430303
20430304
20430305
20430306
20430309
20430310
20430311
20430312
20430313
20430316
20430317
20430318
20430319
20430320
20430323
20430324
20430325
20430326
20430330
20430331
20430401
20430402
20430403
20430406
20430407
20430408
20430409
20430410
20430413
20430414
20430415
20430416
20430417
20430420
20430422
20430423
20430424
20430427
20430428
20430429
20430430
20430504
20430505
20430506
20430507
20430508
20430511
20430512
20430513
20430514
20430515
20430518
20430519
20430520
20430521
20430522
20430525
20430526
20430527
20430529
20430601
20430602
20430603
20430604
20430605
20430608
20430609
20430610
20430611
20430612
20430615
20430616
20430617
20430618
20430619
20430622
20430623
20430624
20430625
20430626
20430629
20430630
20430701
20430702
20430703
20430706
20430707
20430708
20430709
20430710
20430713
20430714
20430715
20430716
20430717
20430720
20430721
20430722
20430723
20430724
20430727
20430728
20430729
20430730
20430731
20430803
20430804
20430805
20430806
20430807
20430810
20430811
20430812
20430813
20430814
20430817
20430818
20430819
20430820
20430821
20430824
20430825
20430826
20430827
20430828
20430831
20430901
20430902
20430903
20430904
20430908
20430909
20430910
20430911
20430914
20430915
20430916
20430917
20430918
20430921
20430922
20430923
20430924
20430925
20430928
20430929
20430930
20431001
20431002
20431005
20431006
20431007
20431008
20431009
20431013
20431014
20431015
20431016
20431019
20431020
20431021
20431022
20431023
20431026
20431027
20431028
20431029
20431030
20431103
20431104
20431105
20431106
20431109
20431110
20431111
20431112
20431113
20431116
20431117
20431118
20431119
20431120
20431123
20431124
20431125
20431126
20431127
20431130
20431201
20431202
20431203
20431204
20431207
20431208
20431209
20431210
20431211
20431214
20431215
20431216
20431217
20431218
20431221
20431222
20431223
20431224
20431228
20431229
20431230
20431231
20440104
20440105
20440106
20440107
20440108
20440111
20440112
20440113
20440114
20440115
20440118
20440119
20440120
20440121
20440122
20440125
20440126
20440127
20440128
20440129
20440201
20440202
20440203
20440204
20440205
20440208
20440209
20440210
20440211
20440212
20440215
20440216
20440217
20440218
20440219
20440222
20440223
20440224
20440225
20440226
20440302
20440303
20440304
20440307
20440308
20440309
20440310
20440311
20440314
20440315
20440316
20440317
20440318
20440321
20440322
20440323
20440324
20440325
20440328
20440329
20440330
20440331
20440401
20440404
20440405
20440406
20440407
20440408
20440411
20440412
20440413
20440414
20440418
20440419
20440420
20440422
20440425
20440426
20440427
20440428
20440429
20440502
20440503
20440504
20440505
20440506
20440509
20440510
20440511
20440512
20440513
20440516
20440517
20440518
20440519
20440520
20440523
20440524
20440525
20440526
20440527
20440530
20440531
20440601
20440602
20440603
20440606
20440607
20440608
20440609
20440610
20440613
20440614
20440615
20440617
20440620
20440621
20440622
20440623
20440624
20440627
20440628
20440629
20440630
20440701
20440704
20440705
20440706
20440707
20440708
20440711
20440712
20440713
20440714
20440715
20440718
20440719
20440720
20440721
20440722
20440725
20440726
20440727
20440728
20440729
20440801
20440802
20440803
20440804
20440805
20440808
20440809
20440810
20440811
20440812
20440815
20440816
20440817
20440818
20440819
20440822
20440823
20440824
20440825
20440826
20440829
20440830
20440831
20440901
20440902
20440905
20440906
20440908
20440909
20440912
20440913
20440914
20440915
20440916
20440919
20440920
20440921
20440922
20440923
20440926
20440927
20440928
20440929
20440930
20441003
20441004
20441005
20441006
20441007
20441010
20441011
20441013
20441014
20441017
20441018
20441019
20441020
20441021
20441024
20441025
20441026
20441027
20441028
20441031
20441101
20441103
20441104
20441107
20441108
20441109
20441110
20441111
20441114
20441116
20441117
20441118
20441121
20441122
20441123
20441124
20441125
20441128
20441129
20441130
20441201
20441202
20441205
20441206
20441207
20441208
20441209
20441212
20441213
20441214
20441215
20441216
20441219
20441220
20441221
20441222
20441223
20441226
20441227
20441228
20441229
20441230
20450102
20450103
20450104
20450105
20450106
20450109
20450110
20450111
20450112
20450113
20450116
20450117
20450118
20450119
20450120
20450123
20450124
20450125
20450126
20450127
20450130
20450131
20450201
20450202
20450203
20450206
20450207
20450208
20450209
20450210
20450213
20450214
20450215
20450216
20450217
20450222
20450223
20450224
20450227
20450228
20450301
20450302
20450303
20450306
20450307
20450308
20450309
20450310
20450313
20450314
20450315
20450316
20450317
20450320
20450321
20450322
20450323
20450324
20450327
20450328
20450329
20450330
20450331
20450403
20450404
20450405
20450406
20450410
20450411
20450412
20450413
20450414
20450417
20450418
20450419
20450420
20450424
20450425
20450426
20450427
20450428
20450502
20450503
20450504
20450505
20450508
20450509
20450510
20450511
20450512
20450515
20450516
20450517
20450518
20450519
20450522
20450523
20450524
20450525
20450526
20450529
20450530
20450531
20450601
20450602
20450605
20450606
20450607
20450609
20450612
20450613
20450614
20450615
20450616
20450619
20450620
20450621
20450622
20450623
20450626
20450627
20450628
20450629
20450630
20450703
20450704
20450705
20450706
20450707
20450710
20450711
20450712
20450713
20450714
20450717
20450718
20450719
20450720
20450721
20450724
20450725
20450726
20450727
20450728
20450731
20450801
20450802
20450803
20450804
20450807
20450808
20450809
20450810
20450811
20450814
20450815
20450816
20450817
20450818
20450821
20450822
20450823
20450824
20450825
20450828
20450829
20450830
20450831
20450901
20450904
20450905
20450906
20450908
20450911
20450912
20450913
20450914
20450915
20450918
20450919
20450920
20450921
20450922
20450925
20450926
20450927
20450928
20450929
20451002
20451003
20451004
20451005
20451006
20451009
20451010
20451011
20451013
20451016
20451017
20451018
20451019
20451020
20451023
20451024
20451025
20451026
20451027
20451030
20451031
20451101
20451103
20451106
20451107
20451108
20451109
20451110
20451113
20451114
20451116
20451117
20451120
20451121
20451122
20451123
20451124
20451127
20451128
20451129
20451130
20451201
20451204
20451205
20451206
20451207
20451208
20451211
20451212
20451213
20451214
20451215
20451218
20451219
20451220
20451221
20451222
20451226
20451227
20451228
20451229
20460102
20460103
20460104
20460105
20460108
20460109
20460110
20460111
20460112
20460115
20460116
20460117
20460118
20460119
20460122
20460123
20460124
20460125
20460126
20460129
20460130
20460131
20460201
20460202
20460207
20460208
20460209
20460212
20460213
20460214
20460215
20460216
20460219
20460220
20460221
20460222
20460223
20460226
20460227
20460228
20460301
20460302
20460305
20460306
20460307
20460308
20460309
20460312
20460313
20460314
20460315
20460316
20460319
20460320
20460321
20460322
20460326
20460327
20460328
20460329
20460330
20460402
20460403
20460404
20460405
20460406
20460409
20460410
20460411
20460412
20460413
20460416
20460417
20460418
20460419
20460420
20460423
20460424
20460425
20460426
20460427
20460430
20460502
20460503
20460504
20460507
20460508
20460509
20460510
20460511
20460514
20460515
20460516
20460517
20460518
20460521
20460522
20460523
20460525
20460528
20460529
20460530
20460531
20460601
20460604
20460605
20460606
20460607
20460608
20460611
20460612
20460613
20460614
20460615
20460618
20460619
20460620
20460621
20460622
20460625
20460626
20460627
20460628
20460629
20460702
20460703
20460704
20460705
20460706
20460709
20460710
20460711
20460712
20460713
20460716
20460717
20460718
20460719
20460720
20460723
20460724
20460725
20460726
20460727
20460730
20460731
20460801
20460802
20460803
20460806
20460807
20460808
20460809
20460810
20460813
20460814
20460815
20460816
20460817
20460820
20460821
20460822
20460823
20460824
20460827
20460828
20460829
20460830
20460831
20460903
20460904
20460905
20460906
20460910
20460911
20460912
20460913
20460914
20460917
20460918
20460919
20460920
20460921
20460924
20460925
20460926
20460927
20460928
20461001
20461002
20461003
20461004
20461005
20461008
20461009
20461010
20461011
20461015
20461016
20461017
20461018
20461019
20461022
20461023
20461024
20461025
20461026
20461029
20461030
20461031
20461101
20461105
20461106
20461107
20461108
20461109
20461112
20461113
20461114
20461116
20461119
20461120
20461121
20461122
20461123
20461126
20461127
20461128
20461129
20461130
20461203
20461204
20461205
20461206
20461207
20461210
20461211
20461212
20461213
20461214
20461217
20461218
20461219
20461220
20461221
20461224
20461226
20461227
20461228
20461231
20470102
20470103
20470104
20470107
20470108
20470109
20470110
20470111
20470114
20470115
20470116
20470117
20470118
20470121
20470122
20470123
20470124
20470125
20470128
20470129
20470130
20470131
20470201
20470204
20470205
20470206
20470207
20470208
20470211
20470212
20470213
20470214
20470215
20470218
20470219
20470220
20470221
20470222
20470227
20470228
20470301
20470304
20470305
20470306
20470307
20470308
20470311
20470312
20470313
20470314
20470315
20470318
20470319
20470320
20470321
20470322
20470325
20470326
20470327
20470328
20470329
20470401
20470402
20470403
20470404
20470405
20470408
20470409
20470410
20470411
20470415
20470416
20470417
20470418
20470419
20470422
20470423
20470424
20470425
20470426
20470429
20470430
20470502
20470503
20470506
20470507
20470508
20470509
20470510
20470513
20470514
20470515
20470516
20470517
20470520
20470521
20470522
20470523
20470524
20470527
20470528
20470529
20470530
20470531
20470603
20470604
20470605
20470606
20470607
20470610
20470611
20470612
20470614
20470617
20470618
20470619
20470620
20470621
20470624
20470625
20470626
20470627
20470628
20470701
20470702
20470703
20470704
20470705
20470708
20470709
20470710
20470711
20470712
20470715
20470716
20470717
20470718
20470719
20470722
20470723
20470724
20470725
20470726
20470729
20470730
20470731
20470801
20470802
20470805
20470806
20470807
20470808
20470809
20470812
20470813
20470814
20470815
20470816
20470819
20470820
20470821
20470822
20470823
20470826
20470827
20470828
20470829
20470830
20470902
20470903
20470904
20470905
20470906
20470909
20470910
20470911
20470912
20470913
20470916
20470917
20470918
20470919
20470920
20470923
20470924
20470925
20470926
20470927
20470930
20471001
20471002
20471003
20471004
20471007
20471008
20471009
20471010
20471011
20471014
20471015
20471016
20471017
20471018
20471021
20471022
20471023
20471024
20471025
20471028
20471029
20471030
20471031
20471101
20471104
20471105
20471106
20471107
20471108
20471111
20471112
20471113
20471114
20471118
20471119
20471120
20471121
20471122
20471125
20471126
20471127
20471128
20471129
20471202
20471203
20471204
20471205
20471206
20471209
20471210
20471211
20471212
20471213
20471216
20471217
20471218
20471219
20471220
20471223
20471224
20471226
20471227
20471230
20471231
20480102
20480103
20480106
20480107
20480108
20480109
20480110
20480113
20480114
20480115
20480116
20480117
20480120
20480121
20480122
20480123
20480124
20480127
20480128
20480129
20480130
20480131
20480203
20480204
20480205
20480206
20480207
20480210
20480211
20480212
20480213
20480214
20480219
20480220
20480221
20480224
20480225
20480226
20480227
20480228
20480302
20480303
20480304
20480305
20480306
20480309
20480310
20480311
20480312
20480313
20480316
20480317
20480318
20480319
20480320
20480323
20480324
20480325
20480326
20480327
20480330
20480331
20480401
20480402
20480406
20480407
20480408
20480409
20480410
20480413
20480414
20480415
20480416
20480417
20480420
20480422
20480423
20480424
20480427
20480428
20480429
20480430
20480504
20480505
20480506
20480507
20480508
20480511
20480512
20480513
20480514
20480515
20480518
20480519
20480520
20480521
20480522
20480525
20480526
20480527
20480528
20480529
20480601
20480602
20480603
20480605
20480608
20480609
20480610
20480611
20480612
20480615
20480616
20480617
20480618
20480619
20480622
20480623
20480624
20480625
20480626
20480629
20480630
20480701
20480702
20480703
20480706
20480707
20480708
20480709
20480710
20480713
20480714
20480715
20480716
20480717
20480720
20480721
20480722
20480723
20480724
20480727
20480728
20480729
20480730
20480731
20480803
20480804
20480805
20480806
20480807
20480810
20480811
20480812
20480813
20480814
20480817
20480818
20480819
20480820
20480821
20480824
20480825
20480826
20480827
20480828
20480831
20480901
20480902
20480903
20480904
20480908
20480909
20480910
20480911
20480914
20480915
20480916
20480917
20480918
20480921
20480922
20480923
20480924
20480925
20480928
20480929
20480930
20481001
20481002
20481005
20481006
20481007
20481008
20481009
20481013
20481014
20481015
20481016
20481019
20481020
20481021
20481022
20481023
20481026
20481027
20481028
20481029
20481030
20481103
20481104
20481105
20481106
20481109
20481110
20481111
20481112
20481113
20481116
20481117
20481118
20481119
20481120
20481123
20481124
20481125
20481126
20481127
20481130
20481201
20481202
20481203
20481204
20481207
20481208
20481209
20481210
20481211
20481214
20481215
20481216
20481217
20481218
20481221
20481222
20481223
20481224
20481228
20481229
20481230
20481231
20490104
20490105
20490106
20490107
20490108
20490111
20490112
20490113
20490114
20490115
20490118
20490119
20490120
20490121
20490122
20490125
20490126
20490127
20490128
20490129
20490201
20490202
20490203
20490204
20490205
20490208
20490209
20490210
20490211
20490212
20490215
20490216
20490217
20490218
20490219
20490222
20490223
20490224
20490225
20490226
20490301
20490302
20490303
20490304
20490305
20490310
20490311
20490312
20490315
20490316
20490317
20490318
20490319
20490322
20490323
20490324
20490325
20490326
20490329
20490330
20490331
20490401
20490402
20490405
20490406
20490407
20490408
20490409
20490412
20490413
20490414
20490415
20490416
20490419
20490420
20490422
20490426
20490427
20490428
20490429
20490430
20490503
20490504
20490505
20490506
20490507
20490510
20490511
20490512
20490513
20490514
20490517
20490518
20490519
20490520
20490521
20490524
20490525
20490526
20490527
20490528
20490531
20490601
20490602
20490603
20490604
20490607
20490608
20490609
20490610
20490611
20490614
20490615
20490616
20490617
20490618
20490621
20490622
20490623
20490625
20490628
20490629
20490630
20490701
20490702
20490705
20490706
20490707
20490708
20490709
20490712
20490713
20490714
20490715
20490716
20490719
20490720
20490721
20490722
20490723
20490726
20490727
20490728
20490729
20490730
20490802
20490803
20490804
20490805
20490806
20490809
20490810
20490811
20490812
20490813
20490816
20490817
20490818
20490819
20490820
20490823
20490824
20490825
20490826
20490827
20490830
20490831
20490901
20490902
20490903
20490906
20490908
20490909
20490910
20490913
20490914
20490915
20490916
20490917
20490920
20490921
20490922
20490923
20490924
20490927
20490928
20490929
20490930
20491001
20491004
20491005
20491006
20491007
20491008
20491011
20491013
20491014
20491015
20491018
20491019
20491020
20491021
20491022
20491025
20491026
20491027
20491028
20491029
20491101
20491103
20491104
20491105
20491108
20491109
20491110
20491111
20491112
20491116
20491117
20491118
20491119
20491122
20491123
20491124
20491125
20491126
20491129
20491130
20491201
20491202
20491203
20491206
20491207
20491208
20491209
20491210
20491213
20491214
20491215
20491216
20491217
20491220
20491221
20491222
20491223
20491224
20491227
20491228
20491229
20491230
20491231
20500103
20500104
20500105
20500106
20500107
20500110
20500111
20500112
20500113
20500114
20500117
20500118
20500119
20500120
20500121
20500124
20500125
20500126
20500127
20500128
20500131
20500201
20500202
20500203
20500204
20500207
20500208
20500209
20500210
20500211
20500214
20500215
20500216
20500217
20500218
20500223
20500224
20500225
20500228
20500301
20500302
20500303
20500304
20500307
20500308
20500309
20500310
20500311
20500314
20500315
20500316
20500317
20500318
20500321
20500322
20500323
20500324
20500325
20500328
20500329
20500330
20500331
20500401
20500404
20500405
20500406
20500407
20500411
20500412
20500413
20500414
20500415
20500418
20500419
20500420
20500422
20500425
20500426
20500427
20500428
20500429
20500502
20500503
20500504
20500505
20500506
20500509
20500510
20500511
20500512
20500513
20500516
20500517
20500518
20500519
20500520
20500523
20500524
20500525
20500526
20500527
20500530
20500531
20500601
20500602
20500603
20500606
20500607
20500608
20500610
20500613
20500614
20500615
20500616
20500617
20500620
20500621
20500622
20500623
20500624
20500627
20500628
20500629
20500630
20500701
20500704
20500705
20500706
20500707
20500708
20500711
20500712
20500713
20500714
20500715
20500718
20500719
20500720
20500721
20500722
20500725
20500726
20500727
20500728
20500729
20500801
20500802
20500803
20500804
20500805
20500808
20500809
20500810
20500811
20500812
20500815
20500816
20500817
20500818
20500819
20500822
20500823
20500824
20500825
20500826
20500829
20500830
20500831
20500901
20500902
20500905
20500906
20500908
20500909
20500912
20500913
20500914
20500915
20500916
20500919
20500920
20500921
20500922
20500923
20500926
20500927
20500928
20500929
20500930
20501003
20501004
20501005
20501006
20501007
20501010
20501011
20501013
20501014
20501017
20501018
20501019
20501020
20501021
20501024
20501025
20501026
20501027
20501028
20501031
20501101
20501103
20501104
20501107
20501108
20501109
20501110
20501111
20501114
20501116
20501117
20501118
20501121
20501122
20501123
20501124
20501125
20501128
20501129
20501130
20501201
20501202
20501205
20501206
20501207
20501208
20501209
20501212
20501213
20501214
20501215
20501216
20501219
20501220
20501221
20501222
20501223
20501226
20501227
20501228
20501229
20501230
20510102
20510103
20510104
20510105
20510106
20510109
20510110
20510111
20510112
20510113
20510116
20510117
20510118
20510119
20510120
20510123
20510124
20510125
20510126
20510127
20510130
20510131
20510201
20510202
20510203
20510206
20510207
20510208
20510209
20510210
20510213
20510214
20510215
20510216
20510217
20510220
20510221
20510222
20510223
20510224
20510227
20510228
20510301
20510302
20510303
20510306
20510307
20510308
20510309
20510310
20510313
20510314
20510315
20510316
20510317
20510320
20510321
20510322
20510323
20510324
20510327
20510328
20510329
20510330
20510331
20510403
20510404
20510405
20510406
20510407
20510410
20510411
20510412
20510413
20510414
20510417
20510418
20510419
20510420
20510421
20510424
20510425
20510426
20510427
20510428
20510501
20510502
20510503
20510504
20510505
20510508
20510509
20510510
20510511
20510512
20510515
20510516
20510517
20510518
20510519
20510522
20510523
20510524
20510525
20510526
20510529
20510530
20510531
20510601
20510602
20510605
20510606
20510607
20510608
20510609
20510612
20510613
20510614
20510615
20510616
20510619
20510620
20510621
20510622
20510623
20510626
20510627
20510628
20510629
20510630
20510703
20510704
20510705
20510706
20510707
20510710
20510711
20510712
20510713
20510714
20510717
20510718
20510719
20510720
20510721
20510724
20510725
20510726
20510727
20510728
20510731
20510801
20510802
20510803
20510804
20510807
20510808
20510809
20510810
20510811
20510814
20510815
20510816
20510817
20510818
20510821
20510822
20510823
20510824
20510825
20510828
20510829
20510830
20510831
20510901
20510904
20510905
20510906
20510907
20510908
20510911
20510912
20510913
20510914
20510915
20510918
20510919
20510920
20510921
20510922
20510925
20510926
20510927
20510928
20510929
20511002
20511003
20511004
20511005
20511006
20511009
20511010
20511011
20511012
20511013
20511016
20511017
20511018
20511019
20511020
20511023
20511024
20511025
20511026
20511027
20511030
20511031
20511101
20511102
20511103
20511106
20511107
20511108
20511109
20511110
20511113
20511114
20511115
20511116
20511117
20511120
20511121
20511122
20511123
20511124
20511127
20511128
20511129
20511130
20511201
20511204
20511205
20511206
20511207
20511208
20511211
20511212
20511213
20511214
20511215
20511218
20511219
20511220
20511221
20511222
20511225
20511226
20511227
20511228
20511229
20520101
20520102
20520103
20520104
20520105
20520108
20520109
20520110
20520111
20520112
20520115
20520116
20520117
20520118
20520119
20520122
20520123
20520124
20520125
20520126
20520129
20520130
20520131
20520201
20520202
20520205
20520206
20520207
20520208
20520209
20520212
20520213
20520214
20520215
20520216
20520219
20520220
20520221
20520222
20520223
20520226
20520227
20520228
20520229
20520301
20520304
20520305
20520306
20520307
20520308
20520311
20520312
20520313
20520314
20520315
20520318
20520319
20520320
20520321
20520322
20520325
20520326
20520327
20520328
20520329
20520401
20520402
20520403
20520404
20520405
20520408
20520409
20520410
20520411
20520412
20520415
20520416
20520417
20520418
20520419
20520422
20520423
20520424
20520425
20520426
20520429
20520430
20520501
20520502
20520503
20520506
20520507
20520508
20520509
20520510
20520513
20520514
20520515
20520516
20520517
20520520
20520521
20520522
20520523
20520524
20520527
20520528
20520529
20520530
20520531
20520603
20520604
20520605
20520606
20520607
20520610
20520611
20520612
20520613
20520614
20520617
20520618
20520619
20520620
20520621
20520624
20520625
20520626
20520627
20520628
20520701
20520702
20520703
20520704
20520705
20520708
20520709
20520710
20520711
20520712
20520715
20520716
20520717
20520718
20520719
20520722
20520723
20520724
20520725
20520726
20520729
20520730
20520731
20520801
20520802
20520805
20520806
20520807
20520808
20520809
20520812
20520813
20520814
20520815
20520816
20520819
20520820
20520821
20520822
20520823
20520826
20520827
20520828
20520829
20520830
20520902
20520903
20520904
20520905
20520906
20520909
20520910
20520911
20520912
20520913
20520916
20520917
20520918
20520919
20520920
20520923
20520924
20520925
20520926
20520927
20520930
20521001
20521002
20521003
20521004
20521007
20521008
20521009
20521010
20521011
20521014
20521015
20521016
20521017
20521018
20521021
20521022
20521023
20521024
20521025
20521028
20521029
20521030
20521031
20521101
20521104
20521105
20521106
20521107
20521108
20521111
20521112
20521113
20521114
20521115
20521118
20521119
20521120
20521121
20521122
20521125
20521126
20521127
20521128
20521129
20521202
20521203
20521204
20521205
20521206
20521209
20521210
20521211
20521212
20521213
20521216
20521217
20521218
20521219
20521220
20521223
20521224
20521225
20521226
20521227
20521230
20521231
20530101
20530102
20530103
20530106
20530107
20530108
20530109
20530110
20530113
20530114
20530115
20530116
20530117
20530120
20530121
20530122
20530123
20530124
20530127
20530128
20530129
20530130
20530131
20530203
20530204
20530205
20530206
20530207
20530210
20530211
20530212
20530213
20530214
20530217
20530218
20530219
20530220
20530221
20530224
20530225
20530226
20530227
20530228
20530303
20530304
20530305
20530306
20530307
20530310
20530311
20530312
20530313
20530314
20530317
20530318
20530319
20530320
20530321
20530324
20530325
20530326
20530327
20530328
20530331
20530401
20530402
20530403
20530404
20530407
20530408
20530409
20530410
20530411
20530414
20530415
20530416
20530417
20530418
20530421
20530422
20530423
20530424
20530425
20530428
20530429
20530430
20530501
20530502
20530505
20530506
20530507
20530508
20530509
20530512
20530513
20530514
20530515
20530516
20530519
20530520
20530521
20530522
20530523
20530526
20530527
20530528
20530529
20530530
20530602
20530603
20530604
20530605
20530606
20530609
20530610
20530611
20530612
20530613
20530616
20530617
20530618
20530619
20530620
20530623
20530624
20530625
20530626
20530627
20530630
20530701
20530702
20530703
20530704
20530707
20530708
20530709
20530710
20530711
20530714
20530715
20530716
20530717
20530718
20530721
20530722
20530723
20530724
20530725
20530728
20530729
20530730
20530731
20530801
20530804
20530805
20530806
20530807
20530808
20530811
20530812
20530813
20530814
20530815
20530818
20530819
20530820
20530821
20530822
20530825
20530826
20530827
20530828
20530829
20530901
20530902
20530903
20530904
20530905
20530908
20530909
20530910
20530911
20530912
20530915
20530916
20530917
20530918
20530919
20530922
20530923
20530924
20530925
20530926
20530929
20530930
20531001
20531002
20531003
20531006
20531007
20531008
20531009
20531010
20531013
20531014
20531015
20531016
20531017
20531020
20531021
20531022
20531023
20531024
20531027
20531028
20531029
20531030
20531031
20531103
20531104
20531105
20531106
20531107
20531110
20531111
20531112
20531113
20531114
20531117
20531118
20531119
20531120
20531121
20531124
20531125
20531126
20531127
20531128
20531201
20531202
20531203
20531204
20531205
20531208
20531209
20531210
20531211
20531212
20531215
20531216
20531217
20531218
20531219
20531222
20531223
20531224
20531225
20531226
20531229
20531230
20531231
20540101
20540102
20540105
20540106
20540107
20540108
20540109
20540112
20540113
20540114
20540115
20540116
20540119
20540120
20540121
20540122
20540123
20540126
20540127
20540128
20540129
20540130
20540202
20540203
20540204
20540205
20540206
20540209
20540210
20540211
20540212
20540213
20540216
20540217
20540218
20540219
20540220
20540223
20540224
20540225
20540226
20540227
20540302
20540303
20540304
20540305
20540306
20540309
20540310
20540311
20540312
20540313
20540316
20540317
20540318
20540319
20540320
20540323
20540324
20540325
20540326
20540327
20540330
20540331
20540401
20540402
20540403
20540406
20540407
20540408
20540409
20540410
20540413
20540414
20540415
20540416
20540417
20540420
20540421
20540422
20540423
20540424
20540427
20540428
20540429
20540430
20540501
20540504
20540505
20540506
20540507
20540508
20540511
20540512
20540513
20540514
20540515
20540518
20540519
20540520
20540521
20540522
20540525
20540526
20540527
20540528
20540529
20540601
20540602
20540603
20540604
20540605
20540608
20540609
20540610
20540611
20540612
20540615
20540616
20540617
20540618
20540619
20540622
20540623
20540624
20540625
20540626
20540629
20540630
20540701
20540702
20540703
20540706
20540707
20540708
20540709
20540710
20540713
20540714
20540715
20540716
20540717
20540720
20540721
20540722
20540723
20540724
20540727
20540728
20540729
20540730
20540731
20540803
20540804
20540805
20540806
20540807
20540810
20540811
20540812
20540813
20540814
20540817
20540818
20540819
20540820
20540821
20540824
20540825
20540826
20540827
20540828
20540831
20540901
20540902
20540903
20540904
20540907
20540908
20540909
20540910
20540911
20540914
20540915
20540916
20540917
20540918
20540921
20540922
20540923
20540924
20540925
20540928
20540929
20540930
20541001
20541002
20541005
20541006
20541007
20541008
20541009
20541012
20541013
20541014
20541015
20541016
20541019
20541020
20541021
20541022
20541023
20541026
20541027
20541028
20541029
20541030
20541102
20541103
20541104
20541105
20541106
20541109
20541110
20541111
20541112
20541113
20541116
20541117
20541118
20541119
20541120
20541123
20541124
20541125
20541126
20541127
20541130
20541201
20541202
20541203
20541204
20541207
20541208
20541209
20541210
20541211
20541214
20541215
20541216
20541217
20541218
20541221
20541222
20541223
20541224
20541225
20541228
20541229
20541230
20541231
20550101
20550104
20550105
20550106
20550107
20550108
20550111
20550112
20550113
20550114
20550115
20550118
20550119
20550120
20550121
20550122
20550125
20550126
20550127
20550128
20550129
20550201
20550202
20550203
20550204
20550205
20550208
20550209
20550210
20550211
20550212
20550215
20550216
20550217
20550218
20550219
20550222
20550223
20550224
20550225
20550226
20550301
20550302
20550303
20550304
20550305
20550308
20550309
20550310
20550311
20550312
20550315
20550316
20550317
20550318
20550319
20550322
20550323
20550324
20550325
20550326
20550329
20550330
20550331
20550401
20550402
20550405
20550406
20550407
20550408
20550409
20550412
20550413
20550414
20550415
20550416
20550419
20550420
20550421
20550422
20550423
20550426
20550427
20550428
20550429
20550430
20550503
20550504
20550505
20550506
20550507
20550510
20550511
20550512
20550513
20550514
20550517
20550518
20550519
20550520
20550521
20550524
20550525
20550526
20550527
20550528
20550531
20550601
20550602
20550603
20550604
20550607
20550608
20550609
20550610
20550611
20550614
20550615
20550616
20550617
20550618
20550621
20550622
20550623
20550624
20550625
20550628
20550629
20550630
20550701
20550702
20550705
20550706
20550707
20550708
20550709
20550712
20550713
20550714
20550715
20550716
20550719
20550720
20550721
20550722
20550723
20550726
20550727
20550728
20550729
20550730
20550802
20550803
20550804
20550805
20550806
20550809
20550810
20550811
20550812
20550813
20550816
20550817
20550818
20550819
20550820
20550823
20550824
20550825
20550826
20550827
20550830
20550831
20550901
20550902
20550903
20550906
20550907
20550908
20550909
20550910
20550913
20550914
20550915
20550916
20550917
20550920
20550921
20550922
20550923
20550924
20550927
20550928
20550929
20550930
20551001
20551004
20551005
20551006
20551007
20551008
20551011
20551012
20551013
20551014
20551015
20551018
20551019
20551020
20551021
20551022
20551025
20551026
20551027
20551028
20551029
20551101
20551102
20551103
20551104
20551105
20551108
20551109
20551110
20551111
20551112
20551115
20551116
20551117
20551118
20551119
20551122
20551123
20551124
20551125
20551126
20551129
20551130
20551201
20551202
20551203
20551206
20551207
20551208
20551209
20551210
20551213
20551214
20551215
20551216
20551217
20551220
20551221
20551222
20551223
20551224
20551227
20551228
20551229
20551230
20551231
20560103
20560104
20560105
20560106
20560107
20560110
20560111
20560112
20560113
20560114
20560117
20560118
20560119
20560120
20560121
20560124
20560125
20560126
20560127
20560128
20560131
20560201
20560202
20560203
20560204
20560207
20560208
20560209
20560210
20560211
20560214
20560215
20560216
20560217
20560218
20560221
20560222
20560223
20560224
20560225
20560228
20560229
20560301
20560302
20560303
20560306
20560307
20560308
20560309
20560310
20560313
20560314
20560315
20560316
20560317
20560320
20560321
20560322
20560323
20560324
20560327
20560328
20560329
20560330
20560331
20560403
20560404
20560405
20560406
20560407
20560410
20560411
20560412
20560413
20560414
20560417
20560418
20560419
20560420
20560421
20560424
20560425
20560426
20560427
20560428
20560501
20560502
20560503
20560504
20560505
20560508
20560509
20560510
20560511
20560512
20560515
20560516
20560517
20560518
20560519
20560522
20560523
20560524
20560525
20560526
20560529
20560530
20560531
20560601
20560602
20560605
20560606
20560607
20560608
20560609
20560612
20560613
20560614
20560615
20560616
20560619
20560620
20560621
20560622
20560623
20560626
20560627
20560628
20560629
20560630
20560703
20560704
20560705
20560706
20560707
20560710
20560711
20560712
20560713
20560714
20560717
20560718
20560719
20560720
20560721
20560724
20560725
20560726
20560727
20560728
20560731
20560801
20560802
20560803
20560804
20560807
20560808
20560809
20560810
20560811
20560814
20560815
20560816
20560817
20560818
20560821
20560822
20560823
20560824
20560825
20560828
20560829
20560830
20560831
20560901
20560904
20560905
20560906
20560907
20560908
20560911
20560912
20560913
20560914
20560915
20560918
20560919
20560920
20560921
20560922
20560925
20560926
20560927
20560928
20560929
20561002
20561003
20561004
20561005
20561006
20561009
20561010
20561011
20561012
20561013
20561016
20561017
20561018
20561019
20561020
20561023
20561024
20561025
20561026
20561027
20561030
20561031
20561101
20561102
20561103
20561106
20561107
20561108
20561109
20561110
20561113
20561114
20561115
20561116
20561117
20561120
20561121
20561122
20561123
20561124
20561127
20561128
20561129
20561130
20561201
20561204
20561205
20561206
20561207
20561208
20561211
20561212
20561213
20561214
20561215
20561218
20561219
20561220
20561221
20561222
20561225
20561226
20561227
20561228
20561229
20570101
20570102
20570103
20570104
20570105
20570108
20570109
20570110
20570111
20570112
20570115
20570116
20570117
20570118
20570119
20570122
20570123
20570124
20570125
20570126
20570129
20570130
20570131
20570201
20570202
20570205
20570206
20570207
20570208
20570209
20570212
20570213
20570214
20570215
20570216
20570219
20570220
20570221
20570222
20570223
20570226
20570227
20570228
20570301
20570302
20570305
20570306
20570307
20570308
20570309
20570312
20570313
20570314
20570315
20570316
20570319
20570320
20570321
20570322
20570323
20570326
20570327
20570328
20570329
20570330
20570402
20570403
20570404
20570405
20570406
20570409
20570410
20570411
20570412
20570413
20570416
20570417
20570418
20570419
20570420
20570423
20570424
20570425
20570426
20570427
20570430
20570501
20570502
20570503
20570504
20570507
20570508
20570509
20570510
20570511
20570514
20570515
20570516
20570517
20570518
20570521
20570522
20570523
20570524
20570525
20570528
20570529
20570530
20570531
20570601
20570604
20570605
20570606
20570607
20570608
20570611
20570612
20570613
20570614
20570615
20570618
20570619
20570620
20570621
20570622
20570625
20570626
20570627
20570628
20570629
20570702
20570703
20570704
20570705
20570706
20570709
20570710
20570711
20570712
20570713
20570716
20570717
20570718
20570719
20570720
20570723
20570724
20570725
20570726
20570727
20570730
20570731
20570801
20570802
20570803
20570806
20570807
20570808
20570809
20570810
20570813
20570814
20570815
20570816
20570817
20570820
20570821
20570822
20570823
20570824
20570827
20570828
20570829
20570830
20570831
20570903
20570904
20570905
20570906
20570907
20570910
20570911
20570912
20570913
20570914
20570917
20570918
20570919
20570920
20570921
20570924
20570925
20570926
20570927
20570928
20571001
20571002
20571003
20571004
20571005
20571008
20571009
20571010
20571011
20571012
20571015
20571016
20571017
20571018
20571019
20571022
20571023
20571024
20571025
20571026
20571029
20571030
20571031
20571101
20571102
20571105
20571106
20571107
20571108
20571109
20571112
20571113
20571114
20571115
20571116
20571119
20571120
20571121
20571122
20571123
20571126
20571127
20571128
20571129
20571130
20571203
20571204
20571205
20571206
20571207
20571210
20571211
20571212
20571213
20571214
20571217
20571218
20571219
20571220
20571221
20571224
20571225
20571226
20571227
20571228
20571231
20580101
20580102
20580103
20580104
20580107
20580108
20580109
20580110
20580111
20580114
20580115
20580116
20580117
20580118
20580121
20580122
20580123
20580124
20580125
20580128
20580129
20580130
20580131
20580201
20580204
20580205
20580206
20580207
20580208
20580211
20580212
20580213
20580214
20580215
20580218
20580219
20580220
20580221
20580222
20580225
20580226
20580227
20580228
20580301
20580304
20580305
20580306
20580307
20580308
20580311
20580312
20580313
20580314
20580315
20580318
20580319
20580320
20580321
20580322
20580325
20580326
20580327
20580328
20580329
20580401
20580402
20580403
20580404
20580405
20580408
20580409
20580410
20580411
20580412
20580415
20580416
20580417
20580418
20580419
20580422
20580423
20580424
20580425
20580426
20580429
20580430
20580501
20580502
20580503
20580506
20580507
20580508
20580509
20580510
20580513
20580514
20580515
20580516
20580517
20580520
20580521
20580522
20580523
20580524
20580527
20580528
20580529
20580530
20580531
20580603
20580604
20580605
20580606
20580607
20580610
20580611
20580612
20580613
20580614
20580617
20580618
20580619
20580620
20580621
20580624
20580625
20580626
20580627
20580628
20580701
20580702
20580703
20580704
20580705
20580708
20580709
20580710
20580711
20580712
20580715
20580716
20580717
20580718
20580719
20580722
20580723
20580724
20580725
20580726
20580729
20580730
20580731
20580801
20580802
20580805
20580806
20580807
20580808
20580809
20580812
20580813
20580814
20580815
20580816
20580819
20580820
20580821
20580822
20580823
20580826
20580827
20580828
20580829
20580830
20580902
20580903
20580904
20580905
20580906
20580909
20580910
20580911
20580912
20580913
20580916
20580917
20580918
20580919
20580920
20580923
20580924
20580925
20580926
20580927
20580930
20581001
20581002
20581003
20581004
20581007
20581008
20581009
20581010
20581011
20581014
20581015
20581016
20581017
20581018
20581021
20581022
20581023
20581024
20581025
20581028
20581029
20581030
20581031
20581101
20581104
20581105
20581106
20581107
20581108
20581111
20581112
20581113
20581114
20581115
20581118
20581119
20581120
20581121
20581122
20581125
20581126
20581127
20581128
20581129
20581202
20581203
20581204
20581205
20581206
20581209
20581210
20581211
20581212
20581213
20581216
20581217
20581218
20581219
20581220
20581223
20581224
20581225
20581226
20581227
20581230
20581231
20590101
20590102
20590103
20590106
20590107
20590108
20590109
20590110
20590113
20590114
20590115
20590116
20590117
20590120
20590121
20590122
20590123
20590124
20590127
20590128
20590129
20590130
20590131
20590203
20590204
20590205
20590206
20590207
20590210
20590211
20590212
20590213
20590214
20590217
20590218
20590219
20590220
20590221
20590224
20590225
20590226
20590227
20590228
20590303
20590304
20590305
20590306
20590307
20590310
20590311
20590312
20590313
20590314
20590317
20590318
20590319
20590320
20590321
20590324
20590325
20590326
20590327
20590328
20590331
20590401
20590402
20590403
20590404
20590407
20590408
20590409
20590410
20590411
20590414
20590415
20590416
20590417
20590418
20590421
20590422
20590423
20590424
20590425
20590428
20590429
20590430
20590501
20590502
20590505
20590506
20590507
20590508
20590509
20590512
20590513
20590514
20590515
20590516
20590519
20590520
20590521
20590522
20590523
20590526
20590527
20590528
20590529
20590530
20590602
20590603
20590604
20590605
20590606
20590609
20590610
20590611
20590612
20590613
20590616
20590617
20590618
20590619
20590620
20590623
20590624
20590625
20590626
20590627
20590630
20590701
20590702
20590703
20590704
20590707
20590708
20590709
20590710
20590711
20590714
20590715
20590716
20590717
20590718
20590721
20590722
20590723
20590724
20590725
20590728
20590729
20590730
20590731
20590801
20590804
20590805
20590806
20590807
20590808
20590811
20590812
20590813
20590814
20590815
20590818
20590819
20590820
20590821
20590822
20590825
20590826
20590827
20590828
20590829
20590901
20590902
20590903
20590904
20590905
20590908
20590909
20590910
20590911
20590912
20590915
20590916
20590917
20590918
20590919
20590922
20590923
20590924
20590925
20590926
20590929
20590930
20591001
20591002
20591003
20591006
20591007
20591008
20591009
20591010
20591013
20591014
20591015
20591016
20591017
20591020
20591021
20591022
20591023
20591024
20591027
20591028
20591029
20591030
20591031
20591103
20591104
20591105
20591106
20591107
20591110
20591111
20591112
20591113
20591114
20591117
20591118
20591119
20591120
20591121
20591124
20591125
20591126
20591127
20591128
20591201
20591202
20591203
20591204
20591205
20591208
20591209
20591210
20591211
20591212
20591215
20591216
20591217
20591218
20591219
20591222
20591223
20591224
20591225
20591226
20591229
20591230
20591231
20600101
20600102
20600105
20600106
20600107
20600108
20600109
20600112
20600113
20600114
20600115
20600116
20600119
20600120
20600121
20600122
20600123
20600126
20600127
20600128
20600129
20600130
20600202
20600203
20600204
20600205
20600206
20600209
20600210
20600211
20600212
20600213
20600216
20600217
20600218
20600219
20600220
20600223
20600224
20600225
20600226
20600227
20600301
20600302
20600303
20600304
20600305
20600308
20600309
20600310
20600311
20600312
20600315
20600316
20600317
20600318
20600319
20600322
20600323
20600324
20600325
20600326
20600329
20600330
20600331
20600401
20600402
20600405
20600406
20600407
20600408
20600409
20600412
20600413
20600414
20600415
20600416
20600419
20600420
20600421
20600422
20600423
20600426
20600427
20600428
20600429
20600430
20600503
20600504
20600505
20600506
20600507
20600510
20600511
20600512
20600513
20600514
20600517
20600518
20600519
20600520
20600521
20600524
20600525
20600526
20600527
20600528
20600531
20600601
20600602
20600603
20600604
20600607
20600608
20600609
20600610
20600611
20600614
20600615
20600616
20600617
20600618
20600621
20600622
20600623
20600624
20600625
20600628
20600629
20600630
20600701
20600702
20600705
20600706
20600707
20600708
20600709
20600712
20600713
20600714
20600715
20600716
20600719
20600720
20600721
20600722
20600723
20600726
20600727
20600728
20600729
20600730
20600802
20600803
20600804
20600805
20600806
20600809
20600810
20600811
20600812
20600813
20600816
20600817
20600818
20600819
20600820
20600823
20600824
20600825
20600826
20600827
20600830
20600831
20600901
20600902
20600903
20600906
20600907
20600908
20600909
20600910
20600913
20600914
20600915
20600916
20600917
20600920
20600921
20600922
20600923
20600924
20600927
20600928
20600929
20600930
20601001
20601004
20601005
20601006
20601007
20601008
20601011
20601012
20601013
20601014
20601015
20601018
20601019
20601020
20601021
20601022
20601025
20601026
20601027
20601028
20601029
20601101
20601102
20601103
20601104
20601105
20601108
20601109
20601110
20601111
20601112
20601115
20601116
20601117
20601118
20601119
20601122
20601123
20601124
20601125
20601126
20601129
20601130
20601201
20601202
20601203
20601206
20601207
20601208
20601209
20601210
20601213
20601214
20601215
20601216
20601217
20601220
20601221
20601222
20601223
20601224
20601227
20601228
20601229
20601230
20601231
20610103
20610104
20610105
20610106
20610107
20610110
20610111
20610112
20610113
20610114
20610117
20610118
20610119
20610120
20610121
20610124
20610125
20610126
20610127
20610128
20610131
20610201
20610202
20610203
20610204
20610207
20610208
20610209
20610210
20610211
20610214
20610215
20610216
20610217
20610218
20610221
20610222
20610223
20610224
20610225
20610228
20610301
20610302
20610303
20610304
20610307
20610308
20610309
20610310
20610311
20610314
20610315
20610316
20610317
20610318
20610321
20610322
20610323
20610324
20610325
20610328
20610329
20610330
20610331
20610401
20610404
20610405
20610406
20610407
20610408
20610411
20610412
20610413
20610414
20610415
20610418
20610419
20610420
20610421
20610422
20610425
20610426
20610427
20610428
20610429
20610502
20610503
20610504
20610505
20610506
20610509
20610510
20610511
20610512
20610513
20610516
20610517
20610518
20610519
20610520
20610523
20610524
20610525
20610526
20610527
20610530
20610531
20610601
20610602
20610603
20610606
20610607
20610608
20610609
20610610
20610613
20610614
20610615
20610616
20610617
20610620
20610621
20610622
20610623
20610624
20610627
20610628
20610629
20610630
20610701
20610704
20610705
20610706
20610707
20610708
20610711
20610712
20610713
20610714
20610715
20610718
20610719
20610720
20610721
20610722
20610725
20610726
20610727
20610728
20610729
20610801
20610802
20610803
20610804
20610805
20610808
20610809
20610810
20610811
20610812
20610815
20610816
20610817
20610818
20610819
20610822
20610823
20610824
20610825
20610826
20610829
20610830
20610831
20610901
20610902
20610905
20610906
20610907
20610908
20610909
20610912
20610913
20610914
20610915
20610916
20610919
20610920
20610921
20610922
20610923
20610926
20610927
20610928
20610929
20610930
20611003
20611004
20611005
20611006
20611007
20611010
20611011
20611012
20611013
20611014
20611017
20611018
20611019
20611020
20611021
20611024
20611025
20611026
20611027
20611028
20611031
20611101
20611102
20611103
20611104
20611107
20611108
20611109
20611110
20611111
20611114
20611115
20611116
20611117
20611118
20611121
20611122
20611123
20611124
20611125
20611128
20611129
20611130
20611201
20611202
20611205
20611206
20611207
20611208
20611209
20611212
20611213
20611214
20611215
20611216
20611219
20611220
20611221
20611222
20611223
20611226
20611227
20611228
20611229
20611230
20620102
20620103
20620104
20620105
20620106
20620109
20620110
20620111
20620112
20620113
20620116
20620117
20620118
20620119
20620120
20620123
20620124
20620125
20620126
20620127
20620130
20620131
20620201
20620202
20620203
20620206
20620207
20620208
20620209
20620210
20620213
20620214
20620215
20620216
20620217
20620220
20620221
20620222
20620223
20620224
20620227
20620228
20620301
20620302
20620303
20620306
20620307
20620308
20620309
20620310
20620313
20620314
20620315
20620316
20620317
20620320
20620321
20620322
20620323
20620324
20620327
20620328
20620329
20620330
20620331
20620403
20620404
20620405
20620406
20620407
20620410
20620411
20620412
20620413
20620414
20620417
20620418
20620419
20620420
20620421
20620424
20620425
20620426
20620427
20620428
20620501
20620502
20620503
20620504
20620505
20620508
20620509
20620510
20620511
20620512
20620515
20620516
20620517
20620518
20620519
20620522
20620523
20620524
20620525
20620526
20620529
20620530
20620531
20620601
20620602
20620605
20620606
20620607
20620608
20620609
20620612
20620613
20620614
20620615
20620616
20620619
20620620
20620621
20620622
20620623
20620626
20620627
20620628
20620629
20620630
20620703
20620704
20620705
20620706
20620707
20620710
20620711
20620712
20620713
20620714
20620717
20620718
20620719
20620720
20620721
20620724
20620725
20620726
20620727
20620728
20620731
20620801
20620802
20620803
20620804
20620807
20620808
20620809
20620810
20620811
20620814
20620815
20620816
20620817
20620818
20620821
20620822
20620823
20620824
20620825
20620828
20620829
20620830
20620831
20620901
20620904
20620905
20620906
20620907
20620908
20620911
20620912
20620913
20620914
20620915
20620918
20620919
20620920
20620921
20620922
20620925
20620926
20620927
20620928
20620929
20621002
20621003
20621004
20621005
20621006
20621009
20621010
20621011
20621012
20621013
20621016
20621017
20621018
20621019
20621020
20621023
20621024
20621025
20621026
20621027
20621030
20621031
20621101
20621102
20621103
20621106
20621107
20621108
20621109
20621110
20621113
20621114
20621115
20621116
20621117
20621120
20621121
20621122
20621123
20621124
20621127
20621128
20621129
20621130
20621201
20621204
20621205
20621206
20621207
20621208
20621211
20621212
20621213
20621214
20621215
20621218
20621219
20621220
20621221
20621222
20621225
20621226
20621227
20621228
20621229
20630101
20630102
20630103
20630104
20630105
20630108
20630109
20630110
20630111
20630112
20630115
20630116
20630117
20630118
20630119
20630122
20630123
20630124
20630125
20630126
20630129
20630130
20630131
20630201
20630202
20630205
20630206
20630207
20630208
20630209
20630212
20630213
20630214
20630215
20630216
20630219
20630220
20630221
20630222
20630223
20630226
20630227
20630228
20630301
20630302
20630305
20630306
20630307
20630308
20630309
20630312
20630313
20630314
20630315
20630316
20630319
20630320
20630321
20630322
20630323
20630326
20630327
20630328
20630329
20630330
20630402
20630403
20630404
20630405
20630406
20630409
20630410
20630411
20630412
20630413
20630416
20630417
20630418
20630419
20630420
20630423
20630424
20630425
20630426
20630427
20630430
20630501
20630502
20630503
20630504
20630507
20630508
20630509
20630510
20630511
20630514
20630515
20630516
20630517
20630518
20630521
20630522
20630523
20630524
20630525
20630528
20630529
20630530
20630531
20630601
20630604
20630605
20630606
20630607
20630608
20630611
20630612
20630613
20630614
20630615
20630618
20630619
20630620
20630621
20630622
20630625
20630626
20630627
20630628
20630629
20630702
20630703
20630704
20630705
20630706
20630709
20630710
20630711
20630712
20630713
20630716
20630717
20630718
20630719
20630720
20630723
20630724
20630725
20630726
20630727
20630730
20630731
20630801
20630802
20630803
20630806
20630807
20630808
20630809
20630810
20630813
20630814
20630815
20630816
20630817
20630820
20630821
20630822
20630823
20630824
20630827
20630828
20630829
20630830
20630831
20630903
20630904
20630905
20630906
20630907
20630910
20630911
20630912
20630913
20630914
20630917
20630918
20630919
20630920
20630921
20630924
20630925
20630926
20630927
20630928
20631001
20631002
20631003
20631004
20631005
20631008
20631009
20631010
20631011
20631012
20631015
20631016
20631017
20631018
20631019
20631022
20631023
20631024
20631025
20631026
20631029
20631030
20631031
20631101
20631102
20631105
20631106
20631107
20631108
20631109
20631112
20631113
20631114
20631115
20631116
20631119
20631120
20631121
20631122
20631123
20631126
20631127
20631128
20631129
20631130
20631203
20631204
20631205
20631206
20631207
20631210
20631211
20631212
20631213
20631214
20631217
20631218
20631219
20631220
20631221
20631224
20631225
20631226
20631227
20631228
20631231
20640101
20640102
20640103
20640104
20640107
20640108
20640109
20640110
20640111
20640114
20640115
20640116
20640117
20640118
20640121
20640122
20640123
20640124
20640125
20640128
20640129
20640130
20640131
20640201
20640204
20640205
20640206
20640207
20640208
20640211
20640212
20640213
20640214
20640215
20640218
20640219
20640220
20640221
20640222
20640225
20640226
20640227
20640228
20640229
20640303
20640304
20640305
20640306
20640307
20640310
20640311
20640312
20640313
20640314
20640317
20640318
20640319
20640320
20640321
20640324
20640325
20640326
20640327
20640328
20640331
20640401
20640402
20640403
20640404
20640407
20640408
20640409
20640410
20640411
20640414
20640415
20640416
20640417
20640418
20640421
20640422
20640423
20640424
20640425
20640428
20640429
20640430
20640501
20640502
20640505
20640506
20640507
20640508
20640509
20640512
20640513
20640514
20640515
20640516
20640519
20640520
20640521
20640522
20640523
20640526
20640527
20640528
20640529
20640530
20640602
20640603
20640604
20640605
20640606
20640609
20640610
20640611
20640612
20640613
20640616
20640617
20640618
20640619
20640620
20640623
20640624
20640625
20640626
20640627
20640630
20640701
20640702
20640703
20640704
20640707
20640708
20640709
20640710
20640711
20640714
20640715
20640716
20640717
20640718
20640721
20640722
20640723
20640724
20640725
20640728
20640729
20640730
20640731
20640801
20640804
20640805
20640806
20640807
20640808
20640811
20640812
20640813
20640814
20640815
20640818
20640819
20640820
20640821
20640822
20640825
20640826
20640827
20640828
20640829
20640901
20640902
20640903
20640904
20640905
20640908
20640909
20640910
20640911
20640912
20640915
20640916
20640917
20640918
20640919
20640922
20640923
20640924
20640925
20640926
20640929
20640930
20641001
20641002
20641003
20641006
20641007
20641008
20641009
20641010
20641013
20641014
20641015
20641016
20641017
20641020
20641021
20641022
20641023
20641024
20641027
20641028
20641029
20641030
20641031
20641103
20641104
20641105
20641106
20641107
20641110
20641111
20641112
20641113
20641114
20641117
20641118
20641119
20641120
20641121
20641124
20641125
20641126
20641127
20641128
20641201
20641202
20641203
20641204
20641205
20641208
20641209
20641210
20641211
20641212
20641215
20641216
20641217
20641218
20641219
20641222
20641223
20641224
20641225
20641226
20641229
20641230
20641231
20650101
20650102
20650105
20650106
20650107
20650108
20650109
20650112
20650113
20650114
20650115
20650116
20650119
20650120
20650121
20650122
20650123
20650126
20650127
20650128
20650129
20650130
20650202
20650203
20650204
20650205
20650206
20650209
20650210
20650211
20650212
20650213
20650216
20650217
20650218
20650219
20650220
20650223
20650224
20650225
20650226
20650227
20650302
20650303
20650304
20650305
20650306
20650309
20650310
20650311
20650312
20650313
20650316
20650317
20650318
20650319
20650320
20650323
20650324
20650325
20650326
20650327
20650330
20650331
20650401
20650402
20650403
20650406
20650407
20650408
20650409
20650410
20650413
20650414
20650415
20650416
20650417
20650420
20650421
20650422
20650423
20650424
20650427
20650428
20650429
20650430
20650501
20650504
20650505
20650506
20650507
20650508
20650511
20650512
20650513
20650514
20650515
20650518
20650519
20650520
20650521
20650522
20650525
20650526
20650527
20650528
20650529
20650601
20650602
20650603
20650604
20650605
20650608
20650609
20650610
20650611
20650612
20650615
20650616
20650617
20650618
20650619
20650622
20650623
20650624
20650625
20650626
20650629
20650630
20650701
20650702
20650703
20650706
20650707
20650708
20650709
20650710
20650713
20650714
20650715
20650716
20650717
20650720
20650721
20650722
20650723
20650724
20650727
20650728
20650729
20650730
20650731
20650803
20650804
20650805
20650806
20650807
20650810
20650811
20650812
20650813
20650814
20650817
20650818
20650819
20650820
20650821
20650824
20650825
20650826
20650827
20650828
20650831
20650901
20650902
20650903
20650904
20650907
20650908
20650909
20650910
20650911
20650914
20650915
20650916
20650917
20650918
20650921
20650922
20650923
20650924
20650925
20650928
20650929
20650930
20651001
20651002
20651005
20651006
20651007
20651008
20651009
20651012
20651013
20651014
20651015
20651016
20651019
20651020
20651021
20651022
20651023
20651026
20651027
20651028
20651029
20651030
20651102
20651103
20651104
20651105
20651106
20651109
20651110
20651111
20651112
20651113
20651116
20651117
20651118
20651119
20651120
20651123
20651124
20651125
20651126
20651127
20651130
20651201
20651202
20651203
20651204
20651207
20651208
20651209
20651210
20651211
20651214
20651215
20651216
20651217
20651218
20651221
20651222
20651223
20651224
20651225
20651228
20651229
20651230
20651231
20660101
20660104
20660105
20660106
20660107
20660108
20660111
20660112
20660113
20660114
20660115
20660118
20660119
20660120
20660121
20660122
20660125
20660126
20660127
20660128
20660129
20660201
20660202
20660203
20660204
20660205
20660208
20660209
20660210
20660211
20660212
20660215
20660216
20660217
20660218
20660219
20660222
20660223
20660224
20660225
20660226
20660301
20660302
20660303
20660304
20660305
20660308
20660309
20660310
20660311
20660312
20660315
20660316
20660317
20660318
20660319
20660322
20660323
20660324
20660325
20660326
20660329
20660330
20660331
20660401
20660402
20660405
20660406
20660407
20660408
20660409
20660412
20660413
20660414
20660415
20660416
20660419
20660420
20660421
20660422
20660423
20660426
20660427
20660428
20660429
20660430
20660503
20660504
20660505
20660506
20660507
20660510
20660511
20660512
20660513
20660514
20660517
20660518
20660519
20660520
20660521
20660524
20660525
20660526
20660527
20660528
20660531
20660601
20660602
20660603
20660604
20660607
20660608
20660609
20660610
20660611
20660614
20660615
20660616
20660617
20660618
20660621
20660622
20660623
20660624
20660625
20660628
20660629
20660630
20660701
20660702
20660705
20660706
20660707
20660708
20660709
20660712
20660713
20660714
20660715
20660716
20660719
20660720
20660721
20660722
20660723
20660726
20660727
20660728
20660729
20660730
20660802
20660803
20660804
20660805
20660806
20660809
20660810
20660811
20660812
20660813
20660816
20660817
20660818
20660819
20660820
20660823
20660824
20660825
20660826
20660827
20660830
20660831
20660901
20660902
20660903
20660906
20660907
20660908
20660909
20660910
20660913
20660914
20660915
20660916
20660917
20660920
20660921
20660922
20660923
20660924
20660927
20660928
20660929
20660930
20661001
20661004
20661005
20661006
20661007
20661008
20661011
20661012
20661013
20661014
20661015
20661018
20661019
20661020
20661021
20661022
20661025
20661026
20661027
20661028
20661029
20661101
20661102
20661103
20661104
20661105
20661108
20661109
20661110
20661111
20661112
20661115
20661116
20661117
20661118
20661119
20661122
20661123
20661124
20661125
20661126
20661129
20661130
20661201
20661202
20661203
20661206
20661207
20661208
20661209
20661210
20661213
20661214
20661215
20661216
20661217
20661220
20661221
20661222
20661223
20661224
20661227
20661228
20661229
20661230
20661231
20670103
20670104
20670105
20670106
20670107
20670110
20670111
20670112
20670113
20670114
20670117
20670118
20670119
20670120
20670121
20670124
20670125
20670126
20670127
20670128
20670131
20670201
20670202
20670203
20670204
20670207
20670208
20670209
20670210
20670211
20670214
20670215
20670216
20670217
20670218
20670221
20670222
20670223
20670224
20670225
20670228
20670301
20670302
20670303
20670304
20670307
20670308
20670309
20670310
20670311
20670314
20670315
20670316
20670317
20670318
20670321
20670322
20670323
20670324
20670325
20670328
20670329
20670330
20670331
20670401
20670404
20670405
20670406
20670407
20670408
20670411
20670412
20670413
20670414
20670415
20670418
20670419
20670420
20670421
20670422
20670425
20670426
20670427
20670428
20670429
20670502
20670503
20670504
20670505
20670506
20670509
20670510
20670511
20670512
20670513
20670516
20670517
20670518
20670519
20670520
20670523
20670524
20670525
20670526
20670527
20670530
20670531
20670601
20670602
20670603
20670606
20670607
20670608
20670609
20670610
20670613
20670614
20670615
20670616
20670617
20670620
20670621
20670622
20670623
20670624
20670627
20670628
20670629
20670630
20670701
20670704
20670705
20670706
20670707
20670708
20670711
20670712
20670713
20670714
20670715
20670718
20670719
20670720
20670721
20670722
20670725
20670726
20670727
20670728
20670729
20670801
20670802
20670803
20670804
20670805
20670808
20670809
20670810
20670811
20670812
20670815
20670816
20670817
20670818
20670819
20670822
20670823
20670824
20670825
20670826
20670829
20670830
20670831
20670901
20670902
20670905
20670906
20670907
20670908
20670909
20670912
20670913
20670914
20670915
20670916
20670919
20670920
20670921
20670922
20670923
20670926
20670927
20670928
20670929
20670930
20671003
20671004
20671005
20671006
20671007
20671010
20671011
20671012
20671013
20671014
20671017
20671018
20671019
20671020
20671021
20671024
20671025
20671026
20671027
20671028
20671031
20671101
20671102
20671103
20671104
20671107
20671108
20671109
20671110
20671111
20671114
20671115
20671116
20671117
20671118
20671121
20671122
20671123
20671124
20671125
20671128
20671129
20671130
20671201
20671202
20671205
20671206
20671207
20671208
20671209
20671212
20671213
20671214
20671215
20671216
20671219
20671220
20671221
20671222
20671223
20671226
20671227
20671228
20671229
20671230
20680102
20680103
20680104
20680105
20680106
20680109
20680110
20680111
20680112
20680113
20680116
20680117
20680118
20680119
20680120
20680123
20680124
20680125
20680126
20680127
20680130
20680131
20680201
20680202
20680203
20680206
20680207
20680208
20680209
20680210
20680213
20680214
20680215
20680216
20680217
20680220
20680221
20680222
20680223
20680224
20680227
20680228
20680229
20680301
20680302
20680305
20680306
20680307
20680308
20680309
20680312
20680313
20680314
20680315
20680316
20680319
20680320
20680321
20680322
20680323
20680326
20680327
20680328
20680329
20680330
20680402
20680403
20680404
20680405
20680406
20680409
20680410
20680411
20680412
20680413
20680416
20680417
20680418
20680419
20680420
20680423
20680424
20680425
20680426
20680427
20680430
20680501
20680502
20680503
20680504
20680507
20680508
20680509
20680510
20680511
20680514
20680515
20680516
20680517
20680518
20680521
20680522
20680523
20680524
20680525
20680528
20680529
20680530
20680531
20680601
20680604
20680605
20680606
20680607
20680608
20680611
20680612
20680613
20680614
20680615
20680618
20680619
20680620
20680621
20680622
20680625
20680626
20680627
20680628
20680629
20680702
20680703
20680704
20680705
20680706
20680709
20680710
20680711
20680712
20680713
20680716
20680717
20680718
20680719
20680720
20680723
20680724
20680725
20680726
20680727
20680730
20680731
20680801
20680802
20680803
20680806
20680807
20680808
20680809
20680810
20680813
20680814
20680815
20680816
20680817
20680820
20680821
20680822
20680823
20680824
20680827
20680828
20680829
20680830
20680831
20680903
20680904
20680905
20680906
20680907
20680910
20680911
20680912
20680913
20680914
20680917
20680918
20680919
20680920
20680921
20680924
20680925
20680926
20680927
20680928
20681001
20681002
20681003
20681004
20681005
20681008
20681009
20681010
20681011
20681012
20681015
20681016
20681017
20681018
20681019
20681022
20681023
20681024
20681025
20681026
20681029
20681030
20681031
20681101
20681102
20681105
20681106
20681107
20681108
20681109
20681112
20681113
20681114
20681115
20681116
20681119
20681120
20681121
20681122
20681123
20681126
20681127
20681128
20681129
20681130
20681203
20681204
20681205
20681206
20681207
20681210
20681211
20681212
20681213
20681214
20681217
20681218
20681219
20681220
20681221
20681224
20681225
20681226
20681227
20681228
20681231
20690101
20690102
20690103
20690104
20690107
20690108
20690109
20690110
20690111
20690114
20690115
20690116
20690117
20690118
20690121
20690122
20690123
20690124
20690125
20690128
20690129
20690130
20690131
20690201
20690204
20690205
20690206
20690207
20690208
20690211
20690212
20690213
20690214
20690215
20690218
20690219
20690220
20690221
20690222
20690225
20690226
20690227
20690228
20690301
20690304
20690305
20690306
20690307
20690308
20690311
20690312
20690313
20690314
20690315
20690318
20690319
20690320
20690321
20690322
20690325
20690326
20690327
20690328
20690329
20690401
20690402
20690403
20690404
20690405
20690408
20690409
20690410
20690411
20690412
20690415
20690416
20690417
20690418
20690419
20690422
20690423
20690424
20690425
20690426
20690429
20690430
20690501
20690502
20690503
20690506
20690507
20690508
20690509
20690510
20690513
20690514
20690515
20690516
20690517
20690520
20690521
20690522
20690523
20690524
20690527
20690528
20690529
20690530
20690531
20690603
20690604
20690605
20690606
20690607
20690610
20690611
20690612
20690613
20690614
20690617
20690618
20690619
20690620
20690621
20690624
20690625
20690626
20690627
20690628
20690701
20690702
20690703
20690704
20690705
20690708
20690709
20690710
20690711
20690712
20690715
20690716
20690717
20690718
20690719
20690722
20690723
20690724
20690725
20690726
20690729
20690730
20690731
20690801
20690802
20690805
20690806
20690807
20690808
20690809
20690812
20690813
20690814
20690815
20690816
20690819
20690820
20690821
20690822
20690823
20690826
20690827
20690828
20690829
20690830
20690902
20690903
20690904
20690905
20690906
20690909
20690910
20690911
20690912
20690913
20690916
20690917
20690918
20690919
20690920
20690923
20690924
20690925
20690926
20690927
20690930
20691001
20691002
20691003
20691004
20691007
20691008
20691009
20691010
20691011
20691014
20691015
20691016
20691017
20691018
20691021
20691022
20691023
20691024
20691025
20691028
20691029
20691030
20691031
20691101
20691104
20691105
20691106
20691107
20691108
20691111
20691112
20691113
20691114
20691115
20691118
20691119
20691120
20691121
20691122
20691125
20691126
20691127
20691128
20691129
20691202
20691203
20691204
20691205
20691206
20691209
20691210
20691211
20691212
20691213
20691216
20691217
20691218
20691219
20691220
20691223
20691224
20691225
20691226
20691227
20691230
20691231
20700101
20700102
20700103
20700106
20700107
20700108
20700109
20700110
20700113
20700114
20700115
20700116
20700117
20700120
20700121
20700122
20700123
20700124
20700127
20700128
20700129
20700130
20700131
20700203
20700204
20700205
20700206
20700207
20700210
20700211
20700212
20700213
20700214
20700217
20700218
20700219
20700220
20700221
20700224
20700225
20700226
20700227
20700228
20700303
20700304
20700305
20700306
20700307
20700310
20700311
20700312
20700313
20700314
20700317
20700318
20700319
20700320
20700321
20700324
20700325
20700326
20700327
20700328
20700331
20700401
20700402
20700403
20700404
20700407
20700408
20700409
20700410
20700411
20700414
20700415
20700416
20700417
20700418
20700421
20700422
20700423
20700424
20700425
20700428
20700429
20700430
20700501
20700502
20700505
20700506
20700507
20700508
20700509
20700512
20700513
20700514
20700515
20700516
20700519
20700520
20700521
20700522
20700523
20700526
20700527
20700528
20700529
20700530
20700602
20700603
20700604
20700605
20700606
20700609
20700610
20700611
20700612
20700613
20700616
20700617
20700618
20700619
20700620
20700623
20700624
20700625
20700626
20700627
20700630
20700701
20700702
20700703
20700704
20700707
20700708
20700709
20700710
20700711
20700714
20700715
20700716
20700717
20700718
20700721
20700722
20700723
20700724
20700725
20700728
20700729
20700730
20700731
20700801
20700804
20700805
20700806
20700807
20700808
20700811
20700812
20700813
20700814
20700815
20700818
20700819
20700820
20700821
20700822
20700825
20700826
20700827
20700828
20700829
20700901
20700902
20700903
20700904
20700905
20700908
20700909
20700910
20700911
20700912
20700915
20700916
20700917
20700918
20700919
20700922
20700923
20700924
20700925
20700926
20700929
20700930
20701001
20701002
20701003
20701006
20701007
20701008
20701009
20701010
20701013
20701014
20701015
20701016
20701017
20701020
20701021
20701022
20701023
20701024
20701027
20701028
20701029
20701030
20701031
20701103
20701104
20701105
20701106
20701107
20701110
20701111
20701112
20701113
20701114
20701117
20701118
20701119
20701120
20701121
20701124
20701125
20701126
20701127
20701128
20701201
20701202
20701203
20701204
20701205
20701208
20701209
20701210
20701211
20701212
20701215
20701216
20701217
20701218
20701219
20701222
20701223
20701224
20701225
20701226
20701229
20701230
20701231
20710101
20710102
20710105
20710106
20710107
20710108
20710109
20710112
20710113
20710114
20710115
20710116
20710119
20710120
20710121
20710122
20710123
20710126
20710127
20710128
20710129
20710130
20710202
20710203
20710204
20710205
20710206
20710209
20710210
20710211
20710212
20710213
20710216
20710217
20710218
20710219
20710220
20710223
20710224
20710225
20710226
20710227
20710302
20710303
20710304
20710305
20710306
20710309
20710310
20710311
20710312
20710313
20710316
20710317
20710318
20710319
20710320
20710323
20710324
20710325
20710326
20710327
20710330
20710331
20710401
20710402
20710403
20710406
20710407
20710408
20710409
20710410
20710413
20710414
20710415
20710416
20710417
20710420
20710421
20710422
20710423
20710424
20710427
20710428
20710429
20710430
20710501
20710504
20710505
20710506
20710507
20710508
20710511
20710512
20710513
20710514
20710515
20710518
20710519
20710520
20710521
20710522
20710525
20710526
20710527
20710528
20710529
20710601
20710602
20710603
20710604
20710605
20710608
20710609
20710610
20710611
20710612
20710615
20710616
20710617
20710618
20710619
20710622
20710623
20710624
20710625
20710626
20710629
20710630
20710701
20710702
20710703
20710706
20710707
20710708
20710709
20710710
20710713
20710714
20710715
20710716
20710717
20710720
20710721
20710722
20710723
20710724
20710727
20710728
20710729
20710730
20710731
20710803
20710804
20710805
20710806
20710807
20710810
20710811
20710812
20710813
20710814
20710817
20710818
20710819
20710820
20710821
20710824
20710825
20710826
20710827
20710828
20710831
20710901
20710902
20710903
20710904
20710907
20710908
20710909
20710910
20710911
20710914
20710915
20710916
20710917
20710918
20710921
20710922
20710923
20710924
20710925
20710928
20710929
20710930
20711001
20711002
20711005
20711006
20711007
20711008
20711009
20711012
20711013
20711014
20711015
20711016
20711019
20711020
20711021
20711022
20711023
20711026
20711027
20711028
20711029
20711030
20711102
20711103
20711104
20711105
20711106
20711109
20711110
20711111
20711112
20711113
20711116
20711117
20711118
20711119
20711120
20711123
20711124
20711125
20711126
20711127
20711130
20711201
20711202
20711203
20711204
20711207
20711208
20711209
20711210
20711211
20711214
20711215
20711216
20711217
20711218
20711221
20711222
20711223
20711224
20711225
20711228
20711229
20711230
20711231
20720101
20720104
20720105
20720106
20720107
20720108
20720111
20720112
20720113
20720114
20720115
20720118
20720119
20720120
20720121
20720122
20720125
20720126
20720127
20720128
20720129
20720201
20720202
20720203
20720204
20720205
20720208
20720209
20720210
20720211
20720212
20720215
20720216
20720217
20720218
20720219
20720222
20720223
20720224
20720225
20720226
20720229
20720301
20720302
20720303
20720304
20720307
20720308
20720309
20720310
20720311
20720314
20720315
20720316
20720317
20720318
20720321
20720322
20720323
20720324
20720325
20720328
20720329
20720330
20720331
20720401
20720404
20720405
20720406
20720407
20720408
20720411
20720412
20720413
20720414
20720415
20720418
20720419
20720420
20720421
20720422
20720425
20720426
20720427
20720428
20720429
20720502
20720503
20720504
20720505
20720506
20720509
20720510
20720511
20720512
20720513
20720516
20720517
20720518
20720519
20720520
20720523
20720524
20720525
20720526
20720527
20720530
20720531
20720601
20720602
20720603
20720606
20720607
20720608
20720609
20720610
20720613
20720614
20720615
20720616
20720617
20720620
20720621
20720622
20720623
20720624
20720627
20720628
20720629
20720630
20720701
20720704
20720705
20720706
20720707
20720708
20720711
20720712
20720713
20720714
20720715
20720718
20720719
20720720
20720721
20720722
20720725
20720726
20720727
20720728
20720729
20720801
20720802
20720803
20720804
20720805
20720808
20720809
20720810
20720811
20720812
20720815
20720816
20720817
20720818
20720819
20720822
20720823
20720824
20720825
20720826
20720829
20720830
20720831
20720901
20720902
20720905
20720906
20720907
20720908
20720909
20720912
20720913
20720914
20720915
20720916
20720919
20720920
20720921
20720922
20720923
20720926
20720927
20720928
20720929
20720930
20721003
20721004
20721005
20721006
20721007
20721010
20721011
20721012
20721013
20721014
20721017
20721018
20721019
20721020
20721021
20721024
20721025
20721026
20721027
20721028
20721031
20721101
20721102
20721103
20721104
20721107
20721108
20721109
20721110
20721111
20721114
20721115
20721116
20721117
20721118
20721121
20721122
20721123
20721124
20721125
20721128
20721129
20721130
20721201
20721202
20721205
20721206
20721207
20721208
20721209
20721212
20721213
20721214
20721215
20721216
20721219
20721220
20721221
20721222
20721223
20721226
20721227
20721228
20721229
20721230
20730102
20730103
20730104
20730105
20730106
20730109
20730110
20730111
20730112
20730113
20730116
20730117
20730118
20730119
20730120
20730123
20730124
20730125
20730126
20730127
20730130
20730131
20730201
20730202
20730203
20730206
20730207
20730208
20730209
20730210
20730213
20730214
20730215
20730216
20730217
20730220
20730221
20730222
20730223
20730224
20730227
20730228
20730301
20730302
20730303
20730306
20730307
20730308
20730309
20730310
20730313
20730314
20730315
20730316
20730317
20730320
20730321
20730322
20730323
20730324
20730327
20730328
20730329
20730330
20730331
20730403
20730404
20730405
20730406
20730407
20730410
20730411
20730412
20730413
20730414
20730417
20730418
20730419
20730420
20730421
20730424
20730425
20730426
20730427
20730428
20730501
20730502
20730503
20730504
20730505
20730508
20730509
20730510
20730511
20730512
20730515
20730516
20730517
20730518
20730519
20730522
20730523
20730524
20730525
20730526
20730529
20730530
20730531
20730601
20730602
20730605
20730606
20730607
20730608
20730609
20730612
20730613
20730614
20730615
20730616
20730619
20730620
20730621
20730622
20730623
20730626
20730627
20730628
20730629
20730630
20730703
20730704
20730705
20730706
20730707
20730710
20730711
20730712
20730713
20730714
20730717
20730718
20730719
20730720
20730721
20730724
20730725
20730726
20730727
20730728
20730731
20730801
20730802
20730803
20730804
20730807
20730808
20730809
20730810
20730811
20730814
20730815
20730816
20730817
20730818
20730821
20730822
20730823
20730824
20730825
20730828
20730829
20730830
20730831
20730901
20730904
20730905
20730906
20730907
20730908
20730911
20730912
20730913
20730914
20730915
20730918
20730919
20730920
20730921
20730922
20730925
20730926
20730927
20730928
20730929
20731002
20731003
20731004
20731005
20731006
20731009
20731010
20731011
20731012
20731013
20731016
20731017
20731018
20731019
20731020
20731023
20731024
20731025
20731026
20731027
20731030
20731031
20731101
20731102
20731103
20731106
20731107
20731108
20731109
20731110
20731113
20731114
20731115
20731116
20731117
20731120
20731121
20731122
20731123
20731124
20731127
20731128
20731129
20731130
20731201
20731204
20731205
20731206
20731207
20731208
20731211
20731212
20731213
20731214
20731215
20731218
20731219
20731220
20731221
20731222
20731225
20731226
20731227
20731228
20731229
20740101
20740102
20740103
20740104
20740105
20740108
20740109
20740110
20740111
20740112
20740115
20740116
20740117
20740118
20740119
20740122
20740123
20740124
20740125
20740126
20740129
20740130
20740131
20740201
20740202
20740205
20740206
20740207
20740208
20740209
20740212
20740213
20740214
20740215
20740216
20740219
20740220
20740221
20740222
20740223
20740226
20740227
20740228
20740301
20740302
20740305
20740306
20740307
20740308
20740309
20740312
20740313
20740314
20740315
20740316
20740319
20740320
20740321
20740322
20740323
20740326
20740327
20740328
20740329
20740330
20740402
20740403
20740404
20740405
20740406
20740409
20740410
20740411
20740412
20740413
20740416
20740417
20740418
20740419
20740420
20740423
20740424
20740425
20740426
20740427
20740430
20740501
20740502
20740503
20740504
20740507
20740508
20740509
20740510
20740511
20740514
20740515
20740516
20740517
20740518
20740521
20740522
20740523
20740524
20740525
20740528
20740529
20740530
20740531
20740601
20740604
20740605
20740606
20740607
20740608
20740611
20740612
20740613
20740614
20740615
20740618
20740619
20740620
20740621
20740622
20740625
20740626
20740627
20740628
20740629
20740702
20740703
20740704
20740705
20740706
20740709
20740710
20740711
20740712
20740713
20740716
20740717
20740718
20740719
20740720
20740723
20740724
20740725
20740726
20740727
20740730
20740731
20740801
20740802
20740803
20740806
20740807
20740808
20740809
20740810
20740813
20740814
20740815
20740816
20740817
20740820
20740821
20740822
20740823
20740824
20740827
20740828
20740829
20740830
20740831
20740903
20740904
20740905
20740906
20740907
20740910
20740911
20740912
20740913
20740914
20740917
20740918
20740919
20740920
20740921
20740924
20740925
20740926
20740927
20740928
20741001
20741002
20741003
20741004
20741005
20741008
20741009
20741010
20741011
20741012
20741015
20741016
20741017
20741018
20741019
20741022
20741023
20741024
20741025
20741026
20741029
20741030
20741031
20741101
20741102
20741105
20741106
20741107
20741108
20741109
20741112
20741113
20741114
20741115
20741116
20741119
20741120
20741121
20741122
20741123
20741126
20741127
20741128
20741129
20741130
20741203
20741204
20741205
20741206
20741207
20741210
20741211
20741212
20741213
20741214
20741217
20741218
20741219
20741220
20741221
20741224
20741225
20741226
20741227
20741228
20741231
20750101
20750102
20750103
20750104
20750107
20750108
20750109
20750110
20750111
20750114
20750115
20750116
20750117
20750118
20750121
20750122
20750123
20750124
20750125
20750128
20750129
20750130
20750131
20750201
20750204
20750205
20750206
20750207
20750208
20750211
20750212
20750213
20750214
20750215
20750218
20750219
20750220
20750221
20750222
20750225
20750226
20750227
20750228
20750301
20750304
20750305
20750306
20750307
20750308
20750311
20750312
20750313
20750314
20750315
20750318
20750319
20750320
20750321
20750322
20750325
20750326
20750327
20750328
20750329
20750401
20750402
20750403
20750404
20750405
20750408
20750409
20750410
20750411
20750412
20750415
20750416
20750417
20750418
20750419
20750422
20750423
20750424
20750425
20750426
20750429
20750430
20750501
20750502
20750503
20750506
20750507
20750508
20750509
20750510
20750513
20750514
20750515
20750516
20750517
20750520
20750521
20750522
20750523
20750524
20750527
20750528
20750529
20750530
20750531
20750603
20750604
20750605
20750606
20750607
20750610
20750611
20750612
20750613
20750614
20750617
20750618
20750619
20750620
20750621
20750624
20750625
20750626
20750627
20750628
20750701
20750702
20750703
20750704
20750705
20750708
20750709
20750710
20750711
20750712
20750715
20750716
20750717
20750718
20750719
20750722
20750723
20750724
20750725
20750726
20750729
20750730
20750731
20750801
20750802
20750805
20750806
20750807
20750808
20750809
20750812
20750813
20750814
20750815
20750816
20750819
20750820
20750821
20750822
20750823
20750826
20750827
20750828
20750829
20750830
20750902
20750903
20750904
20750905
20750906
20750909
20750910
20750911
20750912
20750913
20750916
20750917
20750918
20750919
20750920
20750923
20750924
20750925
20750926
20750927
20750930
20751001
20751002
20751003
20751004
20751007
20751008
20751009
20751010
20751011
20751014
20751015
20751016
20751017
20751018
20751021
20751022
20751023
20751024
20751025
20751028
20751029
20751030
20751031
20751101
20751104
20751105
20751106
20751107
20751108
20751111
20751112
20751113
20751114
20751115
20751118
20751119
20751120
20751121
20751122
20751125
20751126
20751127
20751128
20751129
20751202
20751203
20751204
20751205
20751206
20751209
20751210
20751211
20751212
20751213
20751216
20751217
20751218
20751219
20751220
20751223
20751224
20751225
20751226
20751227
20751230
20751231
20760101
20760102
20760103
20760106
20760107
20760108
20760109
20760110
20760113
20760114
20760115
20760116
20760117
20760120
20760121
20760122
20760123
20760124
20760127
20760128
20760129
20760130
20760131
20760203
20760204
20760205
20760206
20760207
20760210
20760211
20760212
20760213
20760214
20760217
20760218
20760219
20760220
20760221
20760224
20760225
20760226
20760227
20760228
20760302
20760303
20760304
20760305
20760306
20760309
20760310
20760311
20760312
20760313
20760316
20760317
20760318
20760319
20760320
20760323
20760324
20760325
20760326
20760327
20760330
20760331
20760401
20760402
20760403
20760406
20760407
20760408
20760409
20760410
20760413
20760414
20760415
20760416
20760417
20760420
20760421
20760422
20760423
20760424
20760427
20760428
20760429
20760430
20760501
20760504
20760505
20760506
20760507
20760508
20760511
20760512
20760513
20760514
20760515
20760518
20760519
20760520
20760521
20760522
20760525
20760526
20760527
20760528
20760529
20760601
20760602
20760603
20760604
20760605
20760608
20760609
20760610
20760611
20760612
20760615
20760616
20760617
20760618
20760619
20760622
20760623
20760624
20760625
20760626
20760629
20760630
20760701
20760702
20760703
20760706
20760707
20760708
20760709
20760710
20760713
20760714
20760715
20760716
20760717
20760720
20760721
20760722
20760723
20760724
20760727
20760728
20760729
20760730
20760731
20760803
20760804
20760805
20760806
20760807
20760810
20760811
20760812
20760813
20760814
20760817
20760818
20760819
20760820
20760821
20760824
20760825
20760826
20760827
20760828
20760831
20760901
20760902
20760903
20760904
20760907
20760908
20760909
20760910
20760911
20760914
20760915
20760916
20760917
20760918
20760921
20760922
20760923
20760924
20760925
20760928
20760929
20760930
20761001
20761002
20761005
20761006
20761007
20761008
20761009
20761012
20761013
20761014
20761015
20761016
20761019
20761020
20761021
20761022
20761023
20761026
20761027
20761028
20761029
20761030
20761102
20761103
20761104
20761105
20761106
20761109
20761110
20761111
20761112
20761113
20761116
20761117
20761118
20761119
20761120
20761123
20761124
20761125
20761126
20761127
20761130
20761201
20761202
20761203
20761204
20761207
20761208
20761209
20761210
20761211
20761214
20761215
20761216
20761217
20761218
20761221
20761222
20761223
20761224
20761225
20761228
20761229
20761230
20761231
20770101
20770104
20770105
20770106
20770107
20770108
20770111
20770112
20770113
20770114
20770115
20770118
20770119
20770120
20770121
20770122
20770125
20770126
20770127
20770128
20770129
20770201
20770202
20770203
20770204
20770205
20770208
20770209
20770210
20770211
20770212
20770215
20770216
20770217
20770218
20770219
20770222
20770223
20770224
20770225
20770226
20770301
20770302
20770303
20770304
20770305
20770308
20770309
20770310
20770311
20770312
20770315
20770316
20770317
20770318
20770319
20770322
20770323
20770324
20770325
20770326
20770329
20770330
20770331
20770401
20770402
20770405
20770406
20770407
20770408
20770409
20770412
20770413
20770414
20770415
20770416
20770419
20770420
20770421
20770422
20770423
20770426
20770427
20770428
20770429
20770430
20770503
20770504
20770505
20770506
20770507
20770510
20770511
20770512
20770513
20770514
20770517
20770518
20770519
20770520
20770521
20770524
20770525
20770526
20770527
20770528
20770531
20770601
20770602
20770603
20770604
20770607
20770608
20770609
20770610
20770611
20770614
20770615
20770616
20770617
20770618
20770621
20770622
20770623
20770624
20770625
20770628
20770629
20770630
20770701
20770702
20770705
20770706
20770707
20770708
20770709
20770712
20770713
20770714
20770715
20770716
20770719
20770720
20770721
20770722
20770723
20770726
20770727
20770728
20770729
20770730
20770802
20770803
20770804
20770805
20770806
20770809
20770810
20770811
20770812
20770813
20770816
20770817
20770818
20770819
20770820
20770823
20770824
20770825
20770826
20770827
20770830
20770831
20770901
20770902
20770903
20770906
20770907
20770908
20770909
20770910
20770913
20770914
20770915
20770916
20770917
20770920
20770921
20770922
20770923
20770924
20770927
20770928
20770929
20770930
20771001
20771004
20771005
20771006
20771007
20771008
20771011
20771012
20771013
20771014
20771015
20771018
20771019
20771020
20771021
20771022
20771025
20771026
20771027
20771028
20771029
20771101
20771102
20771103
20771104
20771105
20771108
20771109
20771110
20771111
20771112
20771115
20771116
20771117
20771118
20771119
20771122
20771123
20771124
20771125
20771126
20771129
20771130
20771201
20771202
20771203
20771206
20771207
20771208
20771209
20771210
20771213
20771214
20771215
20771216
20771217
20771220
20771221
20771222
20771223
20771224
20771227
20771228
20771229
20771230
20771231
20780103
20780104
20780105
20780106
20780107
20780110
20780111
20780112
20780113
20780114
20780117
20780118
20780119
20780120
20780121
20780124
20780125
20780126
20780127
20780128
20780131
20780201
20780202
20780203
20780204
20780207
20780208
20780209
20780210
20780211
20780214
20780215
20780216
20780217
20780218
20780221
20780222
20780223
20780224
20780225
20780228
20780301
20780302
20780303
20780304
20780307
20780308
20780309
20780310
20780311
20780314
20780315
20780316
20780317
20780318
20780321
20780322
20780323
20780324
20780325
20780328
20780329
20780330
20780331
20780401
20780404
20780405
20780406
20780407
20780408
20780411
20780412
20780413
20780414
20780415
20780418
20780419
20780420
20780421
20780422
20780425
20780426
20780427
20780428
20780429
20780502
20780503
20780504
20780505
20780506
20780509
20780510
20780511
20780512
20780513
20780516
20780517
20780518
20780519
20780520
20780523
20780524
20780525
20780526
20780527
20780530
20780531
20780601
20780602
20780603
20780606
20780607
20780608
20780609
20780610
20780613
20780614
20780615
20780616
20780617
20780620
20780621
20780622
20780623
20780624
20780627
20780628
20780629
20780630
20780701
20780704
20780705
20780706
20780707
20780708
20780711
20780712
20780713
20780714
20780715
20780718
20780719
20780720
20780721
20780722
20780725
20780726
20780727
20780728
20780729
20780801
20780802
20780803
20780804
20780805
20780808
20780809
20780810
20780811
20780812
20780815
20780816
20780817
20780818
20780819
20780822
20780823
20780824
20780825
20780826
20780829
20780830
20780831
20780901
20780902
20780905
20780906
20780907
20780908
20780909
20780912
20780913
20780914
20780915
20780916
20780919
20780920
20780921
20780922
20780923
20780926
20780927
20780928
20780929
20780930
20781003
20781004
20781005
20781006
20781007
20781010
20781011
20781012
20781013
20781014
20781017
20781018
20781019
20781020
20781021
20781024
20781025
20781026
20781027
20781028
20781031
20781101
20781102
20781103
20781104
20781107
20781108
20781109
20781110
20781111
20781114
20781115
20781116
20781117
20781118
20781121
20781122
20781123
20781124
20781125
20781128
20781129
20781130
20781201
20781202
20781205
20781206
20781207
20781208
20781209
20781212
20781213
20781214
20781215
20781216
20781219
20781220
20781221
20781222
20781223
20781226
20781227
20781228
20781229
20781230
20790102
20790103
20790104
20790105
20790106
20790109
20790110
20790111
20790112
20790113
20790116
20790117
20790118
20790119
20790120
20790123
20790124
20790125
20790126
20790127
20790130
20790131
20790201
20790202
20790203
20790206
20790207
20790208
20790209
20790210
20790213
20790214
20790215
20790216
20790217
20790220
20790221
20790222
20790223
20790224
20790227
20790228
20790301
20790302
20790303
20790306
20790307
20790308
20790309
20790310
20790313
20790314
20790315
20790316
20790317
20790320
20790321
20790322
20790323
20790324
20790327
20790328
20790329
20790330
20790331
20790403
20790404
20790405
20790406
20790407
20790410
20790411
20790412
20790413
20790414
20790417
20790418
20790419
20790420
20790421
20790424
20790425
20790426
20790427
20790428
20790501
20790502
20790503
20790504
20790505
20790508
20790509
20790510
20790511
20790512
20790515
20790516
20790517
20790518
20790519
20790522
20790523
20790524
20790525
20790526
20790529
20790530
20790531
20790601
20790602
20790605
20790606
20790607
20790608
20790609
20790612
20790613
20790614
20790615
20790616
20790619
20790620
20790621
20790622
20790623
20790626
20790627
20790628
20790629
20790630
20790703
20790704
20790705
20790706
20790707
20790710
20790711
20790712
20790713
20790714
20790717
20790718
20790719
20790720
20790721
20790724
20790725
20790726
20790727
20790728
20790731
20790801
20790802
20790803
20790804
20790807
20790808
20790809
20790810
20790811
20790814
20790815
20790816
20790817
20790818
20790821
20790822
20790823
20790824
20790825
20790828
20790829
20790830
20790831
20790901
20790904
20790905
20790906
20790907
20790908
20790911
20790912
20790913
20790914
20790915
20790918
20790919
20790920
20790921
20790922
20790925
20790926
20790927
20790928
20790929
20791002
20791003
20791004
20791005
20791006
20791009
20791010
20791011
20791012
20791013
20791016
20791017
20791018
20791019
20791020
20791023
20791024
20791025
20791026
20791027
20791030
20791031
20791101
20791102
20791103
20791106
20791107
20791108
20791109
20791110
20791113
20791114
20791115
20791116
20791117
20791120
20791121
20791122
20791123
20791124
20791127
20791128
20791129
20791130
20791201
20791204
20791205
20791206
20791207
20791208
20791211
20791212
20791213
20791214
20791215
20791218
20791219
20791220
20791221
20791222
20791225
20791226
20791227
20791228
20791229
20800101
20800102
20800103
20800104
20800105
20800108
20800109
20800110
20800111
20800112
20800115
20800116
20800117
20800118
20800119
20800122
20800123
20800124
20800125
20800126
20800129
20800130
20800131
20800201
20800202
20800205
20800206
20800207
20800208
20800209
20800212
20800213
20800214
20800215
20800216
20800219
20800220
20800221
20800222
20800223
20800226
20800227
20800228
20800229
20800301
20800304
20800305
20800306
20800307
20800308
20800311
20800312
20800313
20800314
20800315
20800318
20800319
20800320
20800321
20800322
20800325
20800326
20800327
20800328
20800329
20800401
20800402
20800403
20800404
20800405
20800408
20800409
20800410
20800411
20800412
20800415
20800416
20800417
20800418
20800419
20800422
20800423
20800424
20800425
20800426
20800429
20800430
20800501
20800502
20800503
20800506
20800507
20800508
20800509
20800510
20800513
20800514
20800515
20800516
20800517
20800520
20800521
20800522
20800523
20800524
20800527
20800528
20800529
20800530
20800531
20800603
20800604
20800605
20800606
20800607
20800610
20800611
20800612
20800613
20800614
20800617
20800618
20800619
20800620
20800621
20800624
20800625
20800626
20800627
20800628
20800701
20800702
20800703
20800704
20800705
20800708
20800709
20800710
20800711
20800712
20800715
20800716
20800717
20800718
20800719
20800722
20800723
20800724
20800725
20800726
20800729
20800730
20800731
20800801
20800802
20800805
20800806
20800807
20800808
20800809
20800812
20800813
20800814
20800815
20800816
20800819
20800820
20800821
20800822
20800823
20800826
20800827
20800828
20800829
20800830
20800902
20800903
20800904
20800905
20800906
20800909
20800910
20800911
20800912
20800913
20800916
20800917
20800918
20800919
20800920
20800923
20800924
20800925
20800926
20800927
20800930
20801001
20801002
20801003
20801004
20801007
20801008
20801009
20801010
20801011
20801014
20801015
20801016
20801017
20801018
20801021
20801022
20801023
20801024
20801025
20801028
20801029
20801030
20801031
20801101
20801104
20801105
20801106
20801107
20801108
20801111
20801112
20801113
20801114
20801115
20801118
20801119
20801120
20801121
20801122
20801125
20801126
20801127
20801128
20801129
20801202
20801203
20801204
20801205
20801206
20801209
20801210
20801211
20801212
20801213
20801216
20801217
20801218
20801219
20801220
20801223
20801224
20801225
20801226
20801227
20801230
20801231
20810101
20810102
20810103
20810106
20810107
20810108
20810109
20810110
20810113
20810114
20810115
20810116
20810117
20810120
20810121
20810122
20810123
20810124
20810127
20810128
20810129
20810130
20810131
20810203
20810204
20810205
20810206
20810207
20810210
20810211
20810212
20810213
20810214
20810217
20810218
20810219
20810220
20810221
20810224
20810225
20810226
20810227
20810228
20810303
20810304
20810305
20810306
20810307
20810310
20810311
20810312
20810313
20810314
20810317
20810318
20810319
20810320
20810321
20810324
20810325
20810326
20810327
20810328
20810331
20810401
20810402
20810403
20810404
20810407
20810408
20810409
20810410
20810411
20810414
20810415
20810416
20810417
20810418
20810421
20810422
20810423
20810424
20810425
20810428
20810429
20810430
20810501
20810502
20810505
20810506
20810507
20810508
20810509
20810512
20810513
20810514
20810515
20810516
20810519
20810520
20810521
20810522
20810523
20810526
20810527
20810528
20810529
20810530
20810602
20810603
20810604
20810605
20810606
20810609
20810610
20810611
20810612
20810613
20810616
20810617
20810618
20810619
20810620
20810623
20810624
20810625
20810626
20810627
20810630
20810701
20810702
20810703
20810704
20810707
20810708
20810709
20810710
20810711
20810714
20810715
20810716
20810717
20810718
20810721
20810722
20810723
20810724
20810725
20810728
20810729
20810730
20810731
20810801
20810804
20810805
20810806
20810807
20810808
20810811
20810812
20810813
20810814
20810815
20810818
20810819
20810820
20810821
20810822
20810825
20810826
20810827
20810828
20810829
20810901
20810902
20810903
20810904
20810905
20810908
20810909
20810910
20810911
20810912
20810915
20810916
20810917
20810918
20810919
20810922
20810923
20810924
20810925
20810926
20810929
20810930
20811001
20811002
20811003
20811006
20811007
20811008
20811009
20811010
20811013
20811014
20811015
20811016
20811017
20811020
20811021
20811022
20811023
20811024
20811027
20811028
20811029
20811030
20811031
20811103
20811104
20811105
20811106
20811107
20811110
20811111
20811112
20811113
20811114
20811117
20811118
20811119
20811120
20811121
20811124
20811125
20811126
20811127
20811128
20811201
20811202
20811203
20811204
20811205
20811208
20811209
20811210
20811211
20811212
20811215
20811216
20811217
20811218
20811219
20811222
20811223
20811224
20811225
20811226
20811229
20811230
20811231
20820101
20820102
20820105
20820106
20820107
20820108
20820109
20820112
20820113
20820114
20820115
20820116
20820119
20820120
20820121
20820122
20820123
20820126
20820127
20820128
20820129
20820130
20820202
20820203
20820204
20820205
20820206
20820209
20820210
20820211
20820212
20820213
20820216
20820217
20820218
20820219
20820220
20820223
20820224
20820225
20820226
20820227
20820302
20820303
20820304
20820305
20820306
20820309
20820310
20820311
20820312
20820313
20820316
20820317
20820318
20820319
20820320
20820323
20820324
20820325
20820326
20820327
20820330
20820331
20820401
20820402
20820403
20820406
20820407
20820408
20820409
20820410
20820413
20820414
20820415
20820416
20820417
20820420
20820421
20820422
20820423
20820424
20820427
20820428
20820429
20820430
20820501
20820504
20820505
20820506
20820507
20820508
20820511
20820512
20820513
20820514
20820515
20820518
20820519
20820520
20820521
20820522
20820525
20820526
20820527
20820528
20820529
20820601
20820602
20820603
20820604
20820605
20820608
20820609
20820610
20820611
20820612
20820615
20820616
20820617
20820618
20820619
20820622
20820623
20820624
20820625
20820626
20820629
20820630
20820701
20820702
20820703
20820706
20820707
20820708
20820709
20820710
20820713
20820714
20820715
20820716
20820717
20820720
20820721
20820722
20820723
20820724
20820727
20820728
20820729
20820730
20820731
20820803
20820804
20820805
20820806
20820807
20820810
20820811
20820812
20820813
20820814
20820817
20820818
20820819
20820820
20820821
20820824
20820825
20820826
20820827
20820828
20820831
20820901
20820902
20820903
20820904
20820907
20820908
20820909
20820910
20820911
20820914
20820915
20820916
20820917
20820918
20820921
20820922
20820923
20820924
20820925
20820928
20820929
20820930
20821001
20821002
20821005
20821006
20821007
20821008
20821009
20821012
20821013
20821014
20821015
20821016
20821019
20821020
20821021
20821022
20821023
20821026
20821027
20821028
20821029
20821030
20821102
20821103
20821104
20821105
20821106
20821109
20821110
20821111
20821112
20821113
20821116
20821117
20821118
20821119
20821120
20821123
20821124
20821125
20821126
20821127
20821130
20821201
20821202
20821203
20821204
20821207
20821208
20821209
20821210
20821211
20821214
20821215
20821216
20821217
20821218
20821221
20821222
20821223
20821224
20821225
20821228
20821229
20821230
20821231
20830101
20830104
20830105
20830106
20830107
20830108
20830111
20830112
20830113
20830114
20830115
20830118
20830119
20830120
20830121
20830122
20830125
20830126
20830127
20830128
20830129
20830201
20830202
20830203
20830204
20830205
20830208
20830209
20830210
20830211
20830212
20830215
20830216
20830217
20830218
20830219
20830222
20830223
20830224
20830225
20830226
20830301
20830302
20830303
20830304
20830305
20830308
20830309
20830310
20830311
20830312
20830315
20830316
20830317
20830318
20830319
20830322
20830323
20830324
20830325
20830326
20830329
20830330
20830331
20830401
20830402
20830405
20830406
20830407
20830408
20830409
20830412
20830413
20830414
20830415
20830416
20830419
20830420
20830421
20830422
20830423
20830426
20830427
20830428
20830429
20830430
20830503
20830504
20830505
20830506
20830507
20830510
20830511
20830512
20830513
20830514
20830517
20830518
20830519
20830520
20830521
20830524
20830525
20830526
20830527
20830528
20830531
20830601
20830602
20830603
20830604
20830607
20830608
20830609
20830610
20830611
20830614
20830615
20830616
20830617
20830618
20830621
20830622
20830623
20830624
20830625
20830628
20830629
20830630
20830701
20830702
20830705
20830706
20830707
20830708
20830709
20830712
20830713
20830714
20830715
20830716
20830719
20830720
20830721
20830722
20830723
20830726
20830727
20830728
20830729
20830730
20830802
20830803
20830804
20830805
20830806
20830809
20830810
20830811
20830812
20830813
20830816
20830817
20830818
20830819
20830820
20830823
20830824
20830825
20830826
20830827
20830830
20830831
20830901
20830902
20830903
20830906
20830907
20830908
20830909
20830910
20830913
20830914
20830915
20830916
20830917
20830920
20830921
20830922
20830923
20830924
20830927
20830928
20830929
20830930
20831001
20831004
20831005
20831006
20831007
20831008
20831011
20831012
20831013
20831014
20831015
20831018
20831019
20831020
20831021
20831022
20831025
20831026
20831027
20831028
20831029
20831101
20831102
20831103
20831104
20831105
20831108
20831109
20831110
20831111
20831112
20831115
20831116
20831117
20831118
20831119
20831122
20831123
20831124
20831125
20831126
20831129
20831130
20831201
20831202
20831203
20831206
20831207
20831208
20831209
20831210
20831213
20831214
20831215
20831216
20831217
20831220
20831221
20831222
20831223
20831224
20831227
20831228
20831229
20831230
20831231
20840103
20840104
20840105
20840106
20840107
20840110
20840111
20840112
20840113
20840114
20840117
20840118
20840119
20840120
20840121
20840124
20840125
20840126
20840127
20840128
20840131
20840201
20840202
20840203
20840204
20840207
20840208
20840209
20840210
20840211
20840214
20840215
20840216
20840217
20840218
20840221
20840222
20840223
20840224
20840225
20840228
20840229
20840301
20840302
20840303
20840306
20840307
20840308
20840309
20840310
20840313
20840314
20840315
20840316
20840317
20840320
20840321
20840322
20840323
20840324
20840327
20840328
20840329
20840330
20840331
20840403
20840404
20840405
20840406
20840407
20840410
20840411
20840412
20840413
20840414
20840417
20840418
20840419
20840420
20840421
20840424
20840425
20840426
20840427
20840428
20840501
20840502
20840503
20840504
20840505
20840508
20840509
20840510
20840511
20840512
20840515
20840516
20840517
20840518
20840519
20840522
20840523
20840524
20840525
20840526
20840529
20840530
20840531
20840601
20840602
20840605
20840606
20840607
20840608
20840609
20840612
20840613
20840614
20840615
20840616
20840619
20840620
20840621
20840622
20840623
20840626
20840627
20840628
20840629
20840630
20840703
20840704
20840705
20840706
20840707
20840710
20840711
20840712
20840713
20840714
20840717
20840718
20840719
20840720
20840721
20840724
20840725
20840726
20840727
20840728
20840731
20840801
20840802
20840803
20840804
20840807
20840808
20840809
20840810
20840811
20840814
20840815
20840816
20840817
20840818
20840821
20840822
20840823
20840824
20840825
20840828
20840829
20840830
20840831
20840901
20840904
20840905
20840906
20840907
20840908
20840911
20840912
20840913
20840914
20840915
20840918
20840919
20840920
20840921
20840922
20840925
20840926
20840927
20840928
20840929
20841002
20841003
20841004
20841005
20841006
20841009
20841010
20841011
20841012
20841013
20841016
20841017
20841018
20841019
20841020
20841023
20841024
20841025
20841026
20841027
20841030
20841031
20841101
20841102
20841103
20841106
20841107
20841108
20841109
20841110
20841113
20841114
20841115
20841116
20841117
20841120
20841121
20841122
20841123
20841124
20841127
20841128
20841129
20841130
20841201
20841204
20841205
20841206
20841207
20841208
20841211
20841212
20841213
20841214
20841215
20841218
20841219
20841220
20841221
20841222
20841225
20841226
20841227
20841228
20841229
20850101
20850102
20850103
20850104
20850105
20850108
20850109
20850110
20850111
20850112
20850115
20850116
20850117
20850118
20850119
20850122
20850123
20850124
20850125
20850126
20850129
20850130
20850131
20850201
20850202
20850205
20850206
20850207
20850208
20850209
20850212
20850213
20850214
20850215
20850216
20850219
20850220
20850221
20850222
20850223
20850226
20850227
20850228
20850301
20850302
20850305
20850306
20850307
20850308
20850309
20850312
20850313
20850314
20850315
20850316
20850319
20850320
20850321
20850322
20850323
20850326
20850327
20850328
20850329
20850330
20850402
20850403
20850404
20850405
20850406
20850409
20850410
20850411
20850412
20850413
20850416
20850417
20850418
20850419
20850420
20850423
20850424
20850425
20850426
20850427
20850430
20850501
20850502
20850503
20850504
20850507
20850508
20850509
20850510
20850511
20850514
20850515
20850516
20850517
20850518
20850521
20850522
20850523
20850524
20850525
20850528
20850529
20850530
20850531
20850601
20850604
20850605
20850606
20850607
20850608
20850611
20850612
20850613
20850614
20850615
20850618
20850619
20850620
20850621
20850622
20850625
20850626
20850627
20850628
20850629
20850702
20850703
20850704
20850705
20850706
20850709
20850710
20850711
20850712
20850713
20850716
20850717
20850718
20850719
20850720
20850723
20850724
20850725
20850726
20850727
20850730
20850731
20850801
20850802
20850803
20850806
20850807
20850808
20850809
20850810
20850813
20850814
20850815
20850816
20850817
20850820
20850821
20850822
20850823
20850824
20850827
20850828
20850829
20850830
20850831
20850903
20850904
20850905
20850906
20850907
20850910
20850911
20850912
20850913
20850914
20850917
20850918
20850919
20850920
20850921
20850924
20850925
20850926
20850927
20850928
20851001
20851002
20851003
20851004
20851005
20851008
20851009
20851010
20851011
20851012
20851015
20851016
20851017
20851018
20851019
20851022
20851023
20851024
20851025
20851026
20851029
20851030
20851031
20851101
20851102
20851105
20851106
20851107
20851108
20851109
20851112
20851113
20851114
20851115
20851116
20851119
20851120
20851121
20851122
20851123
20851126
20851127
20851128
20851129
20851130
20851203
20851204
20851205
20851206
20851207
20851210
20851211
20851212
20851213
20851214
20851217
20851218
20851219
20851220
20851221
20851224
20851225
20851226
20851227
20851228
20851231
20860101
20860102
20860103
20860104
20860107
20860108
20860109
20860110
20860111
20860114
20860115
20860116
20860117
20860118
20860121
20860122
20860123
20860124
20860125
20860128
20860129
20860130
20860131
20860201
20860204
20860205
20860206
20860207
20860208
20860211
20860212
20860213
20860214
20860215
20860218
20860219
20860220
20860221
20860222
20860225
20860226
20860227
20860228
20860301
20860304
20860305
20860306
20860307
20860308
20860311
20860312
20860313
20860314
20860315
20860318
20860319
20860320
20860321
20860322
20860325
20860326
20860327
20860328
20860329
20860401
20860402
20860403
20860404
20860405
20860408
20860409
20860410
20860411
20860412
20860415
20860416
20860417
20860418
20860419
20860422
20860423
20860424
20860425
20860426
20860429
20860430
20860501
20860502
20860503
20860506
20860507
20860508
20860509
20860510
20860513
20860514
20860515
20860516
20860517
20860520
20860521
20860522
20860523
20860524
20860527
20860528
20860529
20860530
20860531
20860603
20860604
20860605
20860606
20860607
20860610
20860611
20860612
20860613
20860614
20860617
20860618
20860619
20860620
20860621
20860624
20860625
20860626
20860627
20860628
20860701
20860702
20860703
20860704
20860705
20860708
20860709
20860710
20860711
20860712
20860715
20860716
20860717
20860718
20860719
20860722
20860723
20860724
20860725
20860726
20860729
20860730
20860731
20860801
20860802
20860805
20860806
20860807
20860808
20860809
20860812
20860813
20860814
20860815
20860816
20860819
20860820
20860821
20860822
20860823
20860826
20860827
20860828
20860829
20860830
20860902
20860903
20860904
20860905
20860906
20860909
20860910
20860911
20860912
20860913
20860916
20860917
20860918
20860919
20860920
20860923
20860924
20860925
20860926
20860927
20860930
20861001
20861002
20861003
20861004
20861007
20861008
20861009
20861010
20861011
20861014
20861015
20861016
20861017
20861018
20861021
20861022
20861023
20861024
20861025
20861028
20861029
20861030
20861031
20861101
20861104
20861105
20861106
20861107
20861108
20861111
20861112
20861113
20861114
20861115
20861118
20861119
20861120
20861121
20861122
20861125
20861126
20861127
20861128
20861129
20861202
20861203
20861204
20861205
20861206
20861209
20861210
20861211
20861212
20861213
20861216
20861217
20861218
20861219
20861220
20861223
20861224
20861225
20861226
20861227
20861230
20861231
20870101
20870102
20870103
20870106
20870107
20870108
20870109
20870110
20870113
20870114
20870115
20870116
20870117
20870120
20870121
20870122
20870123
20870124
20870127
20870128
20870129
20870130
20870131
20870203
20870204
20870205
20870206
20870207
20870210
20870211
20870212
20870213
20870214
20870217
20870218
20870219
20870220
20870221
20870224
20870225
20870226
20870227
20870228
20870303
20870304
20870305
20870306
20870307
20870310
20870311
20870312
20870313
20870314
20870317
20870318
20870319
20870320
20870321
20870324
20870325
20870326
20870327
20870328
20870331
20870401
20870402
20870403
20870404
20870407
20870408
20870409
20870410
20870411
20870414
20870415
20870416
20870417
20870418
20870421
20870422
20870423
20870424
20870425
20870428
20870429
20870430
20870501
20870502
20870505
20870506
20870507
20870508
20870509
20870512
20870513
20870514
20870515
20870516
20870519
20870520
20870521
20870522
20870523
20870526
20870527
20870528
20870529
20870530
20870602
20870603
20870604
20870605
20870606
20870609
20870610
20870611
20870612
20870613
20870616
20870617
20870618
20870619
20870620
20870623
20870624
20870625
20870626
20870627
20870630
20870701
20870702
20870703
20870704
20870707
20870708
20870709
20870710
20870711
20870714
20870715
20870716
20870717
20870718
20870721
20870722
20870723
20870724
20870725
20870728
20870729
20870730
20870731
20870801
20870804
20870805
20870806
20870807
20870808
20870811
20870812
20870813
20870814
20870815
20870818
20870819
20870820
20870821
20870822
20870825
20870826
20870827
20870828
20870829
20870901
20870902
20870903
20870904
20870905
20870908
20870909
20870910
20870911
20870912
20870915
20870916
20870917
20870918
20870919
20870922
20870923
20870924
20870925
20870926
20870929
20870930
20871001
20871002
20871003
20871006
20871007
20871008
20871009
20871010
20871013
20871014
20871015
20871016
20871017
20871020
20871021
20871022
20871023
20871024
20871027
20871028
20871029
20871030
20871031
20871103
20871104
20871105
20871106
20871107
20871110
20871111
20871112
20871113
20871114
20871117
20871118
20871119
20871120
20871121
20871124
20871125
20871126
20871127
20871128
20871201
20871202
20871203
20871204
20871205
20871208
20871209
20871210
20871211
20871212
20871215
20871216
20871217
20871218
20871219
20871222
20871223
20871224
20871225
20871226
20871229
20871230
20871231
20880101
20880102
20880105
20880106
20880107
20880108
20880109
20880112
20880113
20880114
20880115
20880116
20880119
20880120
20880121
20880122
20880123
20880126
20880127
20880128
20880129
20880130
20880202
20880203
20880204
20880205
20880206
20880209
20880210
20880211
20880212
20880213
20880216
20880217
20880218
20880219
20880220
20880223
20880224
20880225
20880226
20880227
20880301
20880302
20880303
20880304
20880305
20880308
20880309
20880310
20880311
20880312
20880315
20880316
20880317
20880318
20880319
20880322
20880323
20880324
20880325
20880326
20880329
20880330
20880331
20880401
20880402
20880405
20880406
20880407
20880408
20880409
20880412
20880413
20880414
20880415
20880416
20880419
20880420
20880421
20880422
20880423
20880426
20880427
20880428
20880429
20880430
20880503
20880504
20880505
20880506
20880507
20880510
20880511
20880512
20880513
20880514
20880517
20880518
20880519
20880520
20880521
20880524
20880525
20880526
20880527
20880528
20880531
20880601
20880602
20880603
20880604
20880607
20880608
20880609
20880610
20880611
20880614
20880615
20880616
20880617
20880618
20880621
20880622
20880623
20880624
20880625
20880628
20880629
20880630
20880701
20880702
20880705
20880706
20880707
20880708
20880709
20880712
20880713
20880714
20880715
20880716
20880719
20880720
20880721
20880722
20880723
20880726
20880727
20880728
20880729
20880730
20880802
20880803
20880804
20880805
20880806
20880809
20880810
20880811
20880812
20880813
20880816
20880817
20880818
20880819
20880820
20880823
20880824
20880825
20880826
20880827
20880830
20880831
20880901
20880902
20880903
20880906
20880907
20880908
20880909
20880910
20880913
20880914
20880915
20880916
20880917
20880920
20880921
20880922
20880923
20880924
20880927
20880928
20880929
20880930
20881001
20881004
20881005
20881006
20881007
20881008
20881011
20881012
20881013
20881014
20881015
20881018
20881019
20881020
20881021
20881022
20881025
20881026
20881027
20881028
20881029
20881101
20881102
20881103
20881104
20881105
20881108
20881109
20881110
20881111
20881112
20881115
20881116
20881117
20881118
20881119
20881122
20881123
20881124
20881125
20881126
20881129
20881130
20881201
20881202
20881203
20881206
20881207
20881208
20881209
20881210
20881213
20881214
20881215
20881216
20881217
20881220
20881221
20881222
20881223
20881224
20881227
20881228
20881229
20881230
20881231
20890103
20890104
20890105
20890106
20890107
20890110
20890111
20890112
20890113
20890114
20890117
20890118
20890119
20890120
20890121
20890124
20890125
20890126
20890127
20890128
20890131
20890201
20890202
20890203
20890204
20890207
20890208
20890209
20890210
20890211
20890214
20890215
20890216
20890217
20890218
20890221
20890222
20890223
20890224
20890225
20890228
20890301
20890302
20890303
20890304
20890307
20890308
20890309
20890310
20890311
20890314
20890315
20890316
20890317
20890318
20890321
20890322
20890323
20890324
20890325
20890328
20890329
20890330
20890331
20890401
20890404
20890405
20890406
20890407
20890408
20890411
20890412
20890413
20890414
20890415
20890418
20890419
20890420
20890421
20890422
20890425
20890426
20890427
20890428
20890429
20890502
20890503
20890504
20890505
20890506
20890509
20890510
20890511
20890512
20890513
20890516
20890517
20890518
20890519
20890520
20890523
20890524
20890525
20890526
20890527
20890530
20890531
20890601
20890602
20890603
20890606
20890607
20890608
20890609
20890610
20890613
20890614
20890615
20890616
20890617
20890620
20890621
20890622
20890623
20890624
20890627
20890628
20890629
20890630
20890701
20890704
20890705
20890706
20890707
20890708
20890711
20890712
20890713
20890714
20890715
20890718
20890719
20890720
20890721
20890722
20890725
20890726
20890727
20890728
20890729
20890801
20890802
20890803
20890804
20890805
20890808
20890809
20890810
20890811
20890812
20890815
20890816
20890817
20890818
20890819
20890822
20890823
20890824
20890825
20890826
20890829
20890830
20890831
20890901
20890902
20890905
20890906
20890907
20890908
20890909
20890912
20890913
20890914
20890915
20890916
20890919
20890920
20890921
20890922
20890923
20890926
20890927
20890928
20890929
20890930
20891003
20891004
20891005
20891006
20891007
20891010
20891011
20891012
20891013
20891014
20891017
20891018
20891019
20891020
20891021
20891024
20891025
20891026
20891027
20891028
20891031
20891101
20891102
20891103
20891104
20891107
20891108
20891109
20891110
20891111
20891114
20891115
20891116
20891117
20891118
20891121
20891122
20891123
20891124
20891125
20891128
20891129
20891130
20891201
20891202
20891205
20891206
20891207
20891208
20891209
20891212
20891213
20891214
20891215
20891216
20891219
20891220
20891221
20891222
20891223
20891226
20891227
20891228
20891229
20891230
20900102
20900103
20900104
20900105
20900106
20900109
20900110
20900111
20900112
20900113
20900116
20900117
20900118
20900119
20900120
20900123
20900124
20900125
20900126
20900127
20900130
20900131
20900201
20900202
20900203
20900206
20900207
20900208
20900209
20900210
20900213
20900214
20900215
20900216
20900217
20900220
20900221
20900222
20900223
20900224
20900227
20900228
20900301
20900302
20900303
20900306
20900307
20900308
20900309
20900310
20900313
20900314
20900315
20900316
20900317
20900320
20900321
20900322
20900323
20900324
20900327
20900328
20900329
20900330
20900331
20900403
20900404
20900405
20900406
20900407
20900410
20900411
20900412
20900413
20900414
20900417
20900418
20900419
20900420
20900421
20900424
20900425
20900426
20900427
20900428
20900501
20900502
20900503
20900504
20900505
20900508
20900509
20900510
20900511
20900512
20900515
20900516
20900517
20900518
20900519
20900522
20900523
20900524
20900525
20900526
20900529
20900530
20900531
20900601
20900602
20900605
20900606
20900607
20900608
20900609
20900612
20900613
20900614
20900615
20900616
20900619
20900620
20900621
20900622
20900623
20900626
20900627
20900628
20900629
20900630
20900703
20900704
20900705
20900706
20900707
20900710
20900711
20900712
20900713
20900714
20900717
20900718
20900719
20900720
20900721
20900724
20900725
20900726
20900727
20900728
20900731
20900801
20900802
20900803
20900804
20900807
20900808
20900809
20900810
20900811
20900814
20900815
20900816
20900817
20900818
20900821
20900822
20900823
20900824
20900825
20900828
20900829
20900830
20900831
20900901
20900904
20900905
20900906
20900907
20900908
20900911
20900912
20900913
20900914
20900915
20900918
20900919
20900920
20900921
20900922
20900925
20900926
20900927
20900928
20900929
20901002
20901003
20901004
20901005
20901006
20901009
20901010
20901011
20901012
20901013
20901016
20901017
20901018
20901019
20901020
20901023
20901024
20901025
20901026
20901027
20901030
20901031
20901101
20901102
20901103
20901106
20901107
20901108
20901109
20901110
20901113
20901114
20901115
20901116
20901117
20901120
20901121
20901122
20901123
20901124
20901127
20901128
20901129
20901130
20901201
20901204
20901205
20901206
20901207
20901208
20901211
20901212
20901213
20901214
20901215
20901218
20901219
20901220
20901221
20901222
20901225
20901226
20901227
20901228
20901229
20910101
20910102
20910103
20910104
20910105
20910108
20910109
20910110
20910111
20910112
20910115
20910116
20910117
20910118
20910119
20910122
20910123
20910124
20910125
20910126
20910129
20910130
20910131
20910201
20910202
20910205
20910206
20910207
20910208
20910209
20910212
20910213
20910214
20910215
20910216
20910219
20910220
20910221
20910222
20910223
20910226
20910227
20910228
20910301
20910302
20910305
20910306
20910307
20910308
20910309
20910312
20910313
20910314
20910315
20910316
20910319
20910320
20910321
20910322
20910323
20910326
20910327
20910328
20910329
20910330
20910402
20910403
20910404
20910405
20910406
20910409
20910410
20910411
20910412
20910413
20910416
20910417
20910418
20910419
20910420
20910423
20910424
20910425
20910426
20910427
20910430
20910501
20910502
20910503
20910504
20910507
20910508
20910509
20910510
20910511
20910514
20910515
20910516
20910517
20910518
20910521
20910522
20910523
20910524
20910525
20910528
20910529
20910530
20910531
20910601
20910604
20910605
20910606
20910607
20910608
20910611
20910612
20910613
20910614
20910615
20910618
20910619
20910620
20910621
20910622
20910625
20910626
20910627
20910628
20910629
20910702
20910703
20910704
20910705
20910706
20910709
20910710
20910711
20910712
20910713
20910716
20910717
20910718
20910719
20910720
20910723
20910724
20910725
20910726
20910727
20910730
20910731
20910801
20910802
20910803
20910806
20910807
20910808
20910809
20910810
20910813
20910814
20910815
20910816
20910817
20910820
20910821
20910822
20910823
20910824
20910827
20910828
20910829
20910830
20910831
20910903
20910904
20910905
20910906
20910907
20910910
20910911
20910912
20910913
20910914
20910917
20910918
20910919
20910920
20910921
20910924
20910925
20910926
20910927
20910928
20911001
20911002
20911003
20911004
20911005
20911008
20911009
20911010
20911011
20911012
20911015
20911016
20911017
20911018
20911019
20911022
20911023
20911024
20911025
20911026
20911029
20911030
20911031
20911101
20911102
20911105
20911106
20911107
20911108
20911109
20911112
20911113
20911114
20911115
20911116
20911119
20911120
20911121
20911122
20911123
20911126
20911127
20911128
20911129
20911130
20911203
20911204
20911205
20911206
20911207
20911210
20911211
20911212
20911213
20911214
20911217
20911218
20911219
20911220
20911221
20911224
20911225
20911226
20911227
20911228
20911231
20920101
20920102
20920103
20920104
20920107
20920108
20920109
20920110
20920111
20920114
20920115
20920116
20920117
20920118
20920121
20920122
20920123
20920124
20920125
20920128
20920129
20920130
20920131
20920201
20920204
20920205
20920206
20920207
20920208
20920211
20920212
20920213
20920214
20920215
20920218
20920219
20920220
20920221
20920222
20920225
20920226
20920227
20920228
20920229
20920303
20920304
20920305
20920306
20920307
20920310
20920311
20920312
20920313
20920314
20920317
20920318
20920319
20920320
20920321
20920324
20920325
20920326
20920327
20920328
20920331
20920401
20920402
20920403
20920404
20920407
20920408
20920409
20920410
20920411
20920414
20920415
20920416
20920417
20920418
20920421
20920422
20920423
20920424
20920425
20920428
20920429
20920430
20920501
20920502
20920505
20920506
20920507
20920508
20920509
20920512
20920513
20920514
20920515
20920516
20920519
20920520
20920521
20920522
20920523
20920526
20920527
20920528
20920529
20920530
20920602
20920603
20920604
20920605
20920606
20920609
20920610
20920611
20920612
20920613
20920616
20920617
20920618
20920619
20920620
20920623
20920624
20920625
20920626
20920627
20920630
20920701
20920702
20920703
20920704
20920707
20920708
20920709
20920710
20920711
20920714
20920715
20920716
20920717
20920718
20920721
20920722
20920723
20920724
20920725
20920728
20920729
20920730
20920731
20920801
20920804
20920805
20920806
20920807
20920808
20920811
20920812
20920813
20920814
20920815
20920818
20920819
20920820
20920821
20920822
20920825
20920826
20920827
20920828
20920829
20920901
20920902
20920903
20920904
20920905
20920908
20920909
20920910
20920911
20920912
20920915
20920916
20920917
20920918
20920919
20920922
20920923
20920924
20920925
20920926
20920929
20920930
20921001
20921002
20921003
20921006
20921007
20921008
20921009
20921010
20921013
20921014
20921015
20921016
20921017
20921020
20921021
20921022
20921023
20921024
20921027
20921028
20921029
20921030
20921031
20921103
20921104
20921105
20921106
20921107
20921110
20921111
20921112
20921113
20921114
20921117
20921118
20921119
20921120
20921121
20921124
20921125
20921126
20921127
20921128
20921201
20921202
20921203
20921204
20921205
20921208
20921209
20921210
20921211
20921212
20921215
20921216
20921217
20921218
20921219
20921222
20921223
20921224
20921225
20921226
20921229
20921230
20921231
20930101
20930102
20930105
20930106
20930107
20930108
20930109
20930112
20930113
20930114
20930115
20930116
20930119
20930120
20930121
20930122
20930123
20930126
20930127
20930128
20930129
20930130
20930202
20930203
20930204
20930205
20930206
20930209
20930210
20930211
20930212
20930213
20930216
20930217
20930218
20930219
20930220
20930223
20930224
20930225
20930226
20930227
20930302
20930303
20930304
20930305
20930306
20930309
20930310
20930311
20930312
20930313
20930316
20930317
20930318
20930319
20930320
20930323
20930324
20930325
20930326
20930327
20930330
20930331
20930401
20930402
20930403
20930406
20930407
20930408
20930409
20930410
20930413
20930414
20930415
20930416
20930417
20930420
20930421
20930422
20930423
20930424
20930427
20930428
20930429
20930430
20930501
20930504
20930505
20930506
20930507
20930508
20930511
20930512
20930513
20930514
20930515
20930518
20930519
20930520
20930521
20930522
20930525
20930526
20930527
20930528
20930529
20930601
20930602
20930603
20930604
20930605
20930608
20930609
20930610
20930611
20930612
20930615
20930616
20930617
20930618
20930619
20930622
20930623
20930624
20930625
20930626
20930629
20930630
20930701
20930702
20930703
20930706
20930707
20930708
20930709
20930710
20930713
20930714
20930715
20930716
20930717
20930720
20930721
20930722
20930723
20930724
20930727
20930728
20930729
20930730
20930731
20930803
20930804
20930805
20930806
20930807
20930810
20930811
20930812
20930813
20930814
20930817
20930818
20930819
20930820
20930821
20930824
20930825
20930826
20930827
20930828
20930831
20930901
20930902
20930903
20930904
20930907
20930908
20930909
20930910
20930911
20930914
20930915
20930916
20930917
20930918
20930921
20930922
20930923
20930924
20930925
20930928
20930929
20930930
20931001
20931002
20931005
20931006
20931007
20931008
20931009
20931012
20931013
20931014
20931015
20931016
20931019
20931020
20931021
20931022
20931023
20931026
20931027
20931028
20931029
20931030
20931102
20931103
20931104
20931105
20931106
20931109
20931110
20931111
20931112
20931113
20931116
20931117
20931118
20931119
20931120
20931123
20931124
20931125
20931126
20931127
20931130
20931201
20931202
20931203
20931204
20931207
20931208
20931209
20931210
20931211
20931214
20931215
20931216
20931217
20931218
20931221
20931222
20931223
20931224
20931225
20931228
20931229
20931230
20931231
20940101
20940104
20940105
20940106
20940107
20940108
20940111
20940112
20940113
20940114
20940115
20940118
20940119
20940120
20940121
20940122
20940125
20940126
20940127
20940128
20940129
20940201
20940202
20940203
20940204
20940205
20940208
20940209
20940210
20940211
20940212
20940215
20940216
20940217
20940218
20940219
20940222
20940223
20940224
20940225
20940226
20940301
20940302
20940303
20940304
20940305
20940308
20940309
20940310
20940311
20940312
20940315
20940316
20940317
20940318
20940319
20940322
20940323
20940324
20940325
20940326
20940329
20940330
20940331
20940401
20940402
20940405
20940406
20940407
20940408
20940409
20940412
20940413
20940414
20940415
20940416
20940419
20940420
20940421
20940422
20940423
20940426
20940427
20940428
20940429
20940430
20940503
20940504
20940505
20940506
20940507
20940510
20940511
20940512
20940513
20940514
20940517
20940518
20940519
20940520
20940521
20940524
20940525
20940526
20940527
20940528
20940531
20940601
20940602
20940603
20940604
20940607
20940608
20940609
20940610
20940611
20940614
20940615
20940616
20940617
20940618
20940621
20940622
20940623
20940624
20940625
20940628
20940629
20940630
20940701
20940702
20940705
20940706
20940707
20940708
20940709
20940712
20940713
20940714
20940715
20940716
20940719
20940720
20940721
20940722
20940723
20940726
20940727
20940728
20940729
20940730
20940802
20940803
20940804
20940805
20940806
20940809
20940810
20940811
20940812
20940813
20940816
20940817
20940818
20940819
20940820
20940823
20940824
20940825
20940826
20940827
20940830
20940831
20940901
20940902
20940903
20940906
20940907
20940908
20940909
20940910
20940913
20940914
20940915
20940916
20940917
20940920
20940921
20940922
20940923
20940924
20940927
20940928
20940929
20940930
20941001
20941004
20941005
20941006
20941007
20941008
20941011
20941012
20941013
20941014
20941015
20941018
20941019
20941020
20941021
20941022
20941025
20941026
20941027
20941028
20941029
20941101
20941102
20941103
20941104
20941105
20941108
20941109
20941110
20941111
20941112
20941115
20941116
20941117
20941118
20941119
20941122
20941123
20941124
20941125
20941126
20941129
20941130
20941201
20941202
20941203
20941206
20941207
20941208
20941209
20941210
20941213
20941214
20941215
20941216
20941217
20941220
20941221
20941222
20941223
20941224
20941227
20941228
20941229
20941230
20941231
20950103
20950104
20950105
20950106
20950107
20950110
20950111
20950112
20950113
20950114
20950117
20950118
20950119
20950120
20950121
20950124
20950125
20950126
20950127
20950128
20950131
20950201
20950202
20950203
20950204
20950207
20950208
20950209
20950210
20950211
20950214
20950215
20950216
20950217
20950218
20950221
20950222
20950223
20950224
20950225
20950228
20950301
20950302
20950303
20950304
20950307
20950308
20950309
20950310
20950311
20950314
20950315
20950316
20950317
20950318
20950321
20950322
20950323
20950324
20950325
20950328
20950329
20950330
20950331
20950401
20950404
20950405
20950406
20950407
20950408
20950411
20950412
20950413
20950414
20950415
20950418
20950419
20950420
20950421
20950422
20950425
20950426
20950427
20950428
20950429
20950502
20950503
20950504
20950505
20950506
20950509
20950510
20950511
20950512
20950513
20950516
20950517
20950518
20950519
20950520
20950523
20950524
20950525
20950526
20950527
20950530
20950531
20950601
20950602
20950603
20950606
20950607
20950608
20950609
20950610
20950613
20950614
20950615
20950616
20950617
20950620
20950621
20950622
20950623
20950624
20950627
20950628
20950629
20950630
20950701
20950704
20950705
20950706
20950707
20950708
20950711
20950712
20950713
20950714
20950715
20950718
20950719
20950720
20950721
20950722
20950725
20950726
20950727
20950728
20950729
20950801
20950802
20950803
20950804
20950805
20950808
20950809
20950810
20950811
20950812
20950815
20950816
20950817
20950818
20950819
20950822
20950823
20950824
20950825
20950826
20950829
20950830
20950831
20950901
20950902
20950905
20950906
20950907
20950908
20950909
20950912
20950913
20950914
20950915
20950916
20950919
20950920
20950921
20950922
20950923
20950926
20950927
20950928
20950929
20950930
20951003
20951004
20951005
20951006
20951007
20951010
20951011
20951012
20951013
20951014
20951017
20951018
20951019
20951020
20951021
20951024
20951025
20951026
20951027
20951028
20951031
20951101
20951102
20951103
20951104
20951107
20951108
20951109
20951110
20951111
20951114
20951115
20951116
20951117
20951118
20951121
20951122
20951123
20951124
20951125
20951128
20951129
20951130
20951201
20951202
20951205
20951206
20951207
20951208
20951209
20951212
20951213
20951214
20951215
20951216
20951219
20951220
20951221
20951222
20951223
20951226
20951227
20951228
20951229
20951230
20960102
20960103
20960104
20960105
20960106
20960109
20960110
20960111
20960112
20960113
20960116
20960117
20960118
20960119
20960120
20960123
20960124
20960125
20960126
20960127
20960130
20960131
20960201
20960202
20960203
20960206
20960207
20960208
20960209
20960210
20960213
20960214
20960215
20960216
20960217
20960220
20960221
20960222
20960223
20960224
20960227
20960228
20960229
20960301
20960302
20960305
20960306
20960307
20960308
20960309
20960312
20960313
20960314
20960315
20960316
20960319
20960320
20960321
20960322
20960323
20960326
20960327
20960328
20960329
20960330
20960402
20960403
20960404
20960405
20960406
20960409
20960410
20960411
20960412
20960413
20960416
20960417
20960418
20960419
20960420
20960423
20960424
20960425
20960426
20960427
20960430
20960501
20960502
20960503
20960504
20960507
20960508
20960509
20960510
20960511
20960514
20960515
20960516
20960517
20960518
20960521
20960522
20960523
20960524
20960525
20960528
20960529
20960530
20960531
20960601
20960604
20960605
20960606
20960607
20960608
20960611
20960612
20960613
20960614
20960615
20960618
20960619
20960620
20960621
20960622
20960625
20960626
20960627
20960628
20960629
20960702
20960703
20960704
20960705
20960706
20960709
20960710
20960711
20960712
20960713
20960716
20960717
20960718
20960719
20960720
20960723
20960724
20960725
20960726
20960727
20960730
20960731
20960801
20960802
20960803
20960806
20960807
20960808
20960809
20960810
20960813
20960814
20960815
20960816
20960817
20960820
20960821
20960822
20960823
20960824
20960827
20960828
20960829
20960830
20960831
20960903
20960904
20960905
20960906
20960907
20960910
20960911
20960912
20960913
20960914
20960917
20960918
20960919
20960920
20960921
20960924
20960925
20960926
20960927
20960928
20961001
20961002
20961003
20961004
20961005
20961008
20961009
20961010
20961011
20961012
20961015
20961016
20961017
20961018
20961019
20961022
20961023
20961024
20961025
20961026
20961029
20961030
20961031
20961101
20961102
20961105
20961106
20961107
20961108
20961109
20961112
20961113
20961114
20961115
20961116
20961119
20961120
20961121
20961122
20961123
20961126
20961127
20961128
20961129
20961130
20961203
20961204
20961205
20961206
20961207
20961210
20961211
20961212
20961213
20961214
20961217
20961218
20961219
20961220
20961221
20961224
20961225
20961226
20961227
20961228
20961231
20970101
20970102
20970103
20970104
20970107
20970108
20970109
20970110
20970111
20970114
20970115
20970116
20970117
20970118
20970121
20970122
20970123
20970124
20970125
20970128
20970129
20970130
20970131
20970201
20970204
20970205
20970206
20970207
20970208
20970211
20970212
20970213
20970214
20970215
20970218
20970219
20970220
20970221
20970222
20970225
20970226
20970227
20970228
20970301
20970304
20970305
20970306
20970307
20970308
20970311
20970312
20970313
20970314
20970315
20970318
20970319
20970320
20970321
20970322
20970325
20970326
20970327
20970328
20970329
20970401
20970402
20970403
20970404
20970405
20970408
20970409
20970410
20970411
20970412
20970415
20970416
20970417
20970418
20970419
20970422
20970423
20970424
20970425
20970426
20970429
20970430
20970501
20970502
20970503
20970506
20970507
20970508
20970509
20970510
20970513
20970514
20970515
20970516
20970517
20970520
20970521
20970522
20970523
20970524
20970527
20970528
20970529
20970530
20970531
20970603
20970604
20970605
20970606
20970607
20970610
20970611
20970612
20970613
20970614
20970617
20970618
20970619
20970620
20970621
20970624
20970625
20970626
20970627
20970628
20970701
20970702
20970703
20970704
20970705
20970708
20970709
20970710
20970711
20970712
20970715
20970716
20970717
20970718
20970719
20970722
20970723
20970724
20970725
20970726
20970729
20970730
20970731
20970801
20970802
20970805
20970806
20970807
20970808
20970809
20970812
20970813
20970814
20970815
20970816
20970819
20970820
20970821
20970822
20970823
20970826
20970827
20970828
20970829
20970830
20970902
20970903
20970904
20970905
20970906
20970909
20970910
20970911
20970912
20970913
20970916
20970917
20970918
20970919
20970920
20970923
20970924
20970925
20970926
20970927
20970930
20971001
20971002
20971003
20971004
20971007
20971008
20971009
20971010
20971011
20971014
20971015
20971016
20971017
20971018
20971021
20971022
20971023
20971024
20971025
20971028
20971029
20971030
20971031
20971101
20971104
20971105
20971106
20971107
20971108
20971111
20971112
20971113
20971114
20971115
20971118
20971119
20971120
20971121
20971122
20971125
20971126
20971127
20971128
20971129
20971202
20971203
20971204
20971205
20971206
20971209
20971210
20971211
20971212
20971213
20971216
20971217
20971218
20971219
20971220
20971223
20971224
20971225
20971226
20971227
20971230
20971231
20980101
20980102
20980103
20980106
20980107
20980108
20980109
20980110
20980113
20980114
20980115
20980116
20980117
20980120
20980121
20980122
20980123
20980124
20980127
20980128
20980129
20980130
20980131
20980203
20980204
20980205
20980206
20980207
20980210
20980211
20980212
20980213
20980214
20980217
20980218
20980219
20980220
20980221
20980224
20980225
20980226
20980227
20980228
20980303
20980304
20980305
20980306
20980307
20980310
20980311
20980312
20980313
20980314
20980317
20980318
20980319
20980320
20980321
20980324
20980325
20980326
20980327
20980328
20980331
20980401
20980402
20980403
20980404
20980407
20980408
20980409
20980410
20980411
20980414
20980415
20980416
20980417
20980418
20980421
20980422
20980423
20980424
20980425
20980428
20980429
20980430
20980501
20980502
20980505
20980506
20980507
20980508
20980509
20980512
20980513
20980514
20980515
20980516
20980519
20980520
20980521
20980522
20980523
20980526
20980527
20980528
20980529
20980530
20980602
20980603
20980604
20980605
20980606
20980609
20980610
20980611
20980612
20980613
20980616
20980617
20980618
20980619
20980620
20980623
20980624
20980625
20980626
20980627
20980630
20980701
20980702
20980703
20980704
20980707
20980708
20980709
20980710
20980711
20980714
20980715
20980716
20980717
20980718
20980721
20980722
20980723
20980724
20980725
20980728
20980729
20980730
20980731
20980801
20980804
20980805
20980806
20980807
20980808
20980811
20980812
20980813
20980814
20980815
20980818
20980819
20980820
20980821
20980822
20980825
20980826
20980827
20980828
20980829
20980901
20980902
20980903
20980904
20980905
20980908
20980909
20980910
20980911
20980912
20980915
20980916
20980917
20980918
20980919
20980922
20980923
20980924
20980925
20980926
20980929
20980930
20981001
20981002
20981003
20981006
20981007
20981008
20981009
20981010
20981013
20981014
20981015
20981016
20981017
20981020
20981021
20981022
20981023
20981024
20981027
20981028
20981029
20981030
20981031
20981103
20981104
20981105
20981106
20981107
20981110
20981111
20981112
20981113
20981114
20981117
20981118
20981119
20981120
20981121
20981124
20981125
20981126
20981127
20981128
20981201
20981202
20981203
20981204
20981205
20981208
20981209
20981210
20981211
20981212
20981215
20981216
20981217
20981218
20981219
20981222
20981223
20981224
20981225
20981226
20981229
20981230
20981231
20990101
20990102
20990105
20990106
20990107
20990108
20990109
20990112
20990113
20990114
20990115
20990116
20990119
20990120
20990121
20990122
20990123
20990126
20990127
20990128
20990129
20990130
20990202
20990203
20990204
20990205
20990206
20990209
20990210
20990211
20990212
20990213
20990216
20990217
20990218
20990219
20990220
20990223
20990224
20990225
20990226
20990227
20990302
20990303
20990304
20990305
20990306
20990309
20990310
20990311
20990312
20990313
20990316
20990317
20990318
20990319
20990320
20990323
20990324
20990325
20990326
20990327
20990330
20990331
20990401
20990402
20990403
20990406
20990407
20990408
20990409
20990410
20990413
20990414
20990415
20990416
20990417
20990420
20990421
20990422
20990423
20990424
20990427
20990428
20990429
20990430
20990501
20990504
20990505
20990506
20990507
20990508
20990511
20990512
20990513
20990514
20990515
20990518
20990519
20990520
20990521
20990522
20990525
20990526
20990527
20990528
20990529
20990601
20990602
20990603
20990604
20990605
20990608
20990609
20990610
20990611
20990612
20990615
20990616
20990617
20990618
20990619
20990622
20990623
20990624
20990625
20990626
20990629
20990630
20990701
20990702
20990703
20990706
20990707
20990708
20990709
20990710
20990713
20990714
20990715
20990716
20990717
20990720
20990721
20990722
20990723
20990724
20990727
20990728
20990729
20990730
20990731
20990803
20990804
20990805
20990806
20990807
20990810
20990811
20990812
20990813
20990814
20990817
20990818
20990819
20990820
20990821
20990824
20990825
20990826
20990827
20990828
20990831
20990901
20990902
20990903
20990904
20990907
20990908
20990909
20990910
20990911
20990914
20990915
20990916
20990917
20990918
20990921
20990922
20990923
20990924
20990925
20990928
20990929
20990930
20991001
20991002
20991005
20991006
20991007
20991008
20991009
20991012
20991013
20991014
20991015
20991016
20991019
20991020
20991021
20991022
20991023
20991026
20991027
20991028
20991029
20991030
20991102
20991103
20991104
20991105
20991106
20991109
20991110
20991111
20991112
20991113
20991116
20991117
20991118
20991119
20991120
20991123
20991124
20991125
20991126
20991127
20991130
20991201
20991202
20991203
20991204
20991207
20991208
20991209
20991210
20991211
20991214
20991215
20991216
20991217
20991218
20991221
20991222
20991223
20991224
20991225
20991228
20991229
20991230
20991231
21000101
21000104
21000105
21000106
21000107
21000108
21000111
21000112
21000113
21000114
21000115
21000118
21000119
21000120
21000121
21000122
21000125
21000126
21000127
21000128
21000129
21000201
21000202
21000203
21000204
21000205
21000208
21000209
21000210
21000211
21000212
21000215
21000216
21000217
21000218
21000219
21000222
21000223
21000224
21000225
21000226
21000301
21000302
21000303
21000304
21000305
21000308
21000309
21000310
21000311
21000312
21000315
21000316
21000317
21000318
21000319
21000322
21000323
21000324
21000325
21000326
21000329
21000330
21000331
21000401
21000402
21000405
21000406
21000407
21000408
21000409
21000412
21000413
21000414
21000415
21000416
21000419
21000420
21000421
21000422
21000423
21000426
21000427
21000428
21000429
21000430
21000503
21000504
21000505
21000506
21000507
21000510
21000511
21000512
21000513
21000514
21000517
21000518
21000519
21000520
21000521
21000524
21000525
21000526
21000527
21000528
21000531
21000601
21000602
21000603
21000604
21000607
21000608
21000609
21000610
21000611
21000614
21000615
21000616
21000617
21000618
21000621
21000622
21000623
21000624
21000625
21000628
21000629
21000630
21000701
21000702
21000705
21000706
21000707
21000708
21000709
21000712
21000713
21000714
21000715
21000716
21000719
21000720
21000721
21000722
21000723
21000726
21000727
21000728
21000729
21000730
21000802
21000803
21000804
21000805
21000806
21000809
21000810
21000811
21000812
21000813
21000816
21000817
21000818
21000819
21000820
21000823
21000824
21000825
21000826
21000827
21000830
21000831
21000901
21000902
21000903
21000906
21000907
21000908
21000909
21000910
21000913
21000914
21000915
21000916
21000917
21000920
21000921
21000922
21000923
21000924
21000927
21000928
21000929
21000930
21001001
21001004
21001005
21001006
21001007
21001008
21001011
21001012
21001013
21001014
21001015
21001018
21001019
21001020
21001021
21001022
21001025
21001026
21001027
21001028
21001029
21001101
21001102
21001103
21001104
21001105
21001108
21001109
21001110
21001111
21001112
21001115
21001116
21001117
21001118
21001119
21001122
21001123
21001124
21001125
21001126
21001129
21001130
21001201
21001202
21001203
21001206
21001207
21001208
21001209
21001210
21001213
21001214
21001215
21001216
21001217
21001220
21001221
21001222
21001223
21001224
21001227
21001228
21001229
21001230
21001231
21010103
21010104
21010105
21010106
21010107
21010110
21010111
21010112
21010113
21010114
21010117
21010118
21010119
21010120
21010121
21010124
21010125
21010126
21010127
21010128
21010131
21010201
21010202
21010203
21010204
21010207
21010208
21010209
21010210
21010211
21010214
21010215
21010216
21010217
21010218
21010221
21010222
21010223
21010224
21010225
21010228
21010301
21010302
21010303
21010304
21010307
21010308
21010309
21010310
21010311
21010314
21010315
21010316
21010317
21010318
21010321
21010322
21010323
21010324
21010325
21010328
21010329
21010330
21010331
21010401
21010404
21010405
21010406
21010407
21010408
21010411
21010412
21010413
21010414
21010415
21010418
21010419
21010420
21010421
21010422
21010425
21010426
21010427
21010428
21010429
21010502
21010503
21010504
21010505
21010506
21010509
21010510
21010511
21010512
21010513
21010516
21010517
21010518
21010519
21010520
21010523
21010524
21010525
21010526
21010527
21010530
21010531
21010601
21010602
21010603
21010606
21010607
21010608
21010609
21010610
21010613
21010614
21010615
21010616
21010617
21010620
21010621
21010622
21010623
21010624
21010627
21010628
21010629
21010630
21010701
21010704
21010705
21010706
21010707
21010708
21010711
21010712
21010713
21010714
21010715
21010718
21010719
21010720
21010721
21010722
21010725
21010726
21010727
21010728
21010729
21010801
21010802
21010803
21010804
21010805
21010808
21010809
21010810
21010811
21010812
21010815
21010816
21010817
21010818
21010819
21010822
21010823
21010824
21010825
21010826
21010829
21010830
21010831
21010901
21010902
21010905
21010906
21010907
21010908
21010909
21010912
21010913
21010914
21010915
21010916
21010919
21010920
21010921
21010922
21010923
21010926
21010927
21010928
21010929
21010930
21011003
21011004
21011005
21011006
21011007
21011010
21011011
21011012
21011013
21011014
21011017
21011018
21011019
21011020
21011021
21011024
21011025
21011026
21011027
21011028
21011031
21011101
21011102
21011103
21011104
21011107
21011108
21011109
21011110
21011111
21011114
21011115
21011116
21011117
21011118
21011121
21011122
21011123
21011124
21011125
21011128
21011129
21011130
21011201
21011202
21011205
21011206
21011207
21011208
21011209
21011212
21011213
21011214
21011215
21011216
21011219
21011220
21011221
21011222
21011223
21011226
21011227
21011228
21011229
21011230
21020102
21020103
21020104
21020105
21020106
21020109
21020110
21020111
21020112
21020113
21020116
21020117
21020118
21020119
21020120
21020123
21020124
21020125
21020126
21020127
21020130
21020131
21020201
21020202
21020203
21020206
21020207
21020208
21020209
21020210
21020213
21020214
21020215
21020216
21020217
21020220
21020221
21020222
21020223
21020224
21020227
21020228
21020301
21020302
21020303
21020306
21020307
21020308
21020309
21020310
21020313
21020314
21020315
21020316
21020317
21020320
21020321
21020322
21020323
21020324
21020327
21020328
21020329
21020330
21020331
21020403
21020404
21020405
21020406
21020407
21020410
21020411
21020412
21020413
21020414
21020417
21020418
21020419
21020420
21020421
21020424
21020425
21020426
21020427
21020428
21020501
21020502
21020503
21020504
21020505
21020508
21020509
21020510
21020511
21020512
21020515
21020516
21020517
21020518
21020519
21020522
21020523
21020524
21020525
21020526
21020529
21020530
21020531
21020601
21020602
21020605
21020606
21020607
21020608
21020609
21020612
21020613
21020614
21020615
21020616
21020619
21020620
21020621
21020622
21020623
21020626
21020627
21020628
21020629
21020630
21020703
21020704
21020705
21020706
21020707
21020710
21020711
21020712
21020713
21020714
21020717
21020718
21020719
21020720
21020721
21020724
21020725
21020726
21020727
21020728
21020731
21020801
21020802
21020803
21020804
21020807
21020808
21020809
21020810
21020811
21020814
21020815
21020816
21020817
21020818
21020821
21020822
21020823
21020824
21020825
21020828
21020829
21020830
21020831
21020901
21020904
21020905
21020906
21020907
21020908
21020911
21020912
21020913
21020914
21020915
21020918
21020919
21020920
21020921
21020922
21020925
21020926
21020927
21020928
21020929
21021002
21021003
21021004
21021005
21021006
21021009
21021010
21021011
21021012
21021013
21021016
21021017
21021018
21021019
21021020
21021023
21021024
21021025
21021026
21021027
21021030
21021031
21021101
21021102
21021103
21021106
21021107
21021108
21021109
21021110
21021113
21021114
21021115
21021116
21021117
21021120
21021121
21021122
21021123
21021124
21021127
21021128
21021129
21021130
21021201
21021204
21021205
21021206
21021207
21021208
21021211
21021212
21021213
21021214
21021215
21021218
21021219
21021220
21021221
21021222
21021225
21021226
21021227
21021228
21021229
21030101
21030102
21030103
21030104
21030105
21030108
21030109
21030110
21030111
21030112
21030115
21030116
21030117
21030118
21030119
21030122
21030123
21030124
21030125
21030126
21030129
21030130
21030131
21030201
21030202
21030205
21030206
21030207
21030208
21030209
21030212
21030213
21030214
21030215
21030216
21030219
21030220
21030221
21030222
21030223
21030226
21030227
21030228
21030301
21030302
21030305
21030306
21030307
21030308
21030309
21030312
21030313
21030314
21030315
21030316
21030319
21030320
21030321
21030322
21030323
21030326
21030327
21030328
21030329
21030330
21030402
21030403
21030404
21030405
21030406
21030409
21030410
21030411
21030412
21030413
21030416
21030417
21030418
21030419
21030420
21030423
21030424
21030425
21030426
21030427
21030430
21030501
21030502
21030503
21030504
21030507
21030508
21030509
21030510
21030511
21030514
21030515
21030516
21030517
21030518
21030521
21030522
21030523
21030524
21030525
21030528
21030529
21030530
21030531
21030601
21030604
21030605
21030606
21030607
21030608
21030611
21030612
21030613
21030614
21030615
21030618
21030619
21030620
21030621
21030622
21030625
21030626
21030627
21030628
21030629
21030702
21030703
21030704
21030705
21030706
21030709
21030710
21030711
21030712
21030713
21030716
21030717
21030718
21030719
21030720
21030723
21030724
21030725
21030726
21030727
21030730
21030731
21030801
21030802
21030803
21030806
21030807
21030808
21030809
21030810
21030813
21030814
21030815
21030816
21030817
21030820
21030821
21030822
21030823
21030824
21030827
21030828
21030829
21030830
21030831
21030903
21030904
21030905
21030906
21030907
21030910
21030911
21030912
21030913
21030914
21030917
21030918
21030919
21030920
21030921
21030924
21030925
21030926
21030927
21030928
21031001
21031002
21031003
21031004
21031005
21031008
21031009
21031010
21031011
21031012
21031015
21031016
21031017
21031018
21031019
21031022
21031023
21031024
21031025
21031026
21031029
21031030
21031031
21031101
21031102
21031105
21031106
21031107
21031108
21031109
21031112
21031113
21031114
21031115
21031116
21031119
21031120
21031121
21031122
21031123
21031126
21031127
21031128
21031129
21031130
21031203
21031204
21031205
21031206
21031207
21031210
21031211
21031212
21031213
21031214
21031217
21031218
21031219
21031220
21031221
21031224
21031225
21031226
21031227
21031228
21031231
21040101
21040102
21040103
21040104
21040107
21040108
21040109
21040110
21040111
21040114
21040115
21040116
21040117
21040118
21040121
21040122
21040123
21040124
21040125
21040128
21040129
21040130
21040131
21040201
21040204
21040205
21040206
21040207
21040208
21040211
21040212
21040213
21040214
21040215
21040218
21040219
21040220
21040221
21040222
21040225
21040226
21040227
21040228
21040229
21040303
21040304
21040305
21040306
21040307
21040310
21040311
21040312
21040313
21040314
21040317
21040318
21040319
21040320
21040321
21040324
21040325
21040326
21040327
21040328
21040331
21040401
21040402
21040403
21040404
21040407
21040408
21040409
21040410
21040411
21040414
21040415
21040416
21040417
21040418
21040421
21040422
21040423
21040424
21040425
21040428
21040429
21040430
21040501
21040502
21040505
21040506
21040507
21040508
21040509
21040512
21040513
21040514
21040515
21040516
21040519
21040520
21040521
21040522
21040523
21040526
21040527
21040528
21040529
21040530
21040602
21040603
21040604
21040605
21040606
21040609
21040610
21040611
21040612
21040613
21040616
21040617
21040618
21040619
21040620
21040623
21040624
21040625
21040626
21040627
21040630
21040701
21040702
21040703
21040704
21040707
21040708
21040709
21040710
21040711
21040714
21040715
21040716
21040717
21040718
21040721
21040722
21040723
21040724
21040725
21040728
21040729
21040730
21040731
21040801
21040804
21040805
21040806
21040807
21040808
21040811
21040812
21040813
21040814
21040815
21040818
21040819
21040820
21040821
21040822
21040825
21040826
21040827
21040828
21040829
21040901
21040902
21040903
21040904
21040905
21040908
21040909
21040910
21040911
21040912
21040915
21040916
21040917
21040918
21040919
21040922
21040923
21040924
21040925
21040926
21040929
21040930
21041001
21041002
21041003
21041006
21041007
21041008
21041009
21041010
21041013
21041014
21041015
21041016
21041017
21041020
21041021
21041022
21041023
21041024
21041027
21041028
21041029
21041030
21041031
21041103
21041104
21041105
21041106
21041107
21041110
21041111
21041112
21041113
21041114
21041117
21041118
21041119
21041120
21041121
21041124
21041125
21041126
21041127
21041128
21041201
21041202
21041203
21041204
21041205
21041208
21041209
21041210
21041211
21041212
21041215
21041216
21041217
21041218
21041219
21041222
21041223
21041224
21041225
21041226
21041229
21041230
21041231
21050101
21050102
21050105
21050106
21050107
21050108
21050109
21050112
21050113
21050114
21050115
21050116
21050119
21050120
21050121
21050122
21050123
21050126
21050127
21050128
21050129
21050130
21050202
21050203
21050204
21050205
21050206
21050209
21050210
21050211
21050212
21050213
21050216
21050217
21050218
21050219
21050220
21050223
21050224
21050225
21050226
21050227
21050302
21050303
21050304
21050305
21050306
21050309
21050310
21050311
21050312
21050313
21050316
21050317
21050318
21050319
21050320
21050323
21050324
21050325
21050326
21050327
21050330
21050331
21050401
21050402
21050403
21050406
21050407
21050408
21050409
21050410
21050413
21050414
21050415
21050416
21050417
21050420
21050421
21050422
21050423
21050424
21050427
21050428
21050429
21050430
21050501
21050504
21050505
21050506
21050507
21050508
21050511
21050512
21050513
21050514
21050515
21050518
21050519
21050520
21050521
21050522
21050525
21050526
21050527
21050528
21050529
21050601
21050602
21050603
21050604
21050605
21050608
21050609
21050610
21050611
21050612
21050615
21050616
21050617
21050618
21050619
21050622
21050623
21050624
21050625
21050626
21050629
21050630
21050701
21050702
21050703
21050706
21050707
21050708
21050709
21050710
21050713
21050714
21050715
21050716
21050717
21050720
21050721
21050722
21050723
21050724
21050727
21050728
21050729
21050730
21050731
21050803
21050804
21050805
21050806
21050807
21050810
21050811
21050812
21050813
21050814
21050817
21050818
21050819
21050820
21050821
21050824
21050825
21050826
21050827
21050828
21050831
21050901
21050902
21050903
21050904
21050907
21050908
21050909
21050910
21050911
21050914
21050915
21050916
21050917
21050918
21050921
21050922
21050923
21050924
21050925
21050928
21050929
21050930
21051001
21051002
21051005
21051006
21051007
21051008
21051009
21051012
21051013
21051014
21051015
21051016
21051019
21051020
21051021
21051022
21051023
21051026
21051027
21051028
21051029
21051030
21051102
21051103
21051104
21051105
21051106
21051109
21051110
21051111
21051112
21051113
21051116
21051117
21051118
21051119
21051120
21051123
21051124
21051125
21051126
21051127
21051130
21051201
21051202
21051203
21051204
21051207
21051208
21051209
21051210
21051211
21051214
21051215
21051216
21051217
21051218
21051221
21051222
21051223
21051224
21051225
21051228
21051229
21051230
21051231
21060101
21060104
21060105
21060106
21060107
21060108
21060111
21060112
21060113
21060114
21060115
21060118
21060119
21060120
21060121
21060122
21060125
21060126
21060127
21060128
21060129
21060201
21060202
21060203
21060204
21060205
21060208
21060209
21060210
21060211
21060212
21060215
21060216
21060217
21060218
21060219
21060222
21060223
21060224
21060225
21060226
21060301
21060302
21060303
21060304
21060305
21060308
21060309
21060310
21060311
21060312
21060315
21060316
21060317
21060318
21060319
21060322
21060323
21060324
21060325
21060326
21060329
21060330
21060331
21060401
21060402
21060405
21060406
21060407
21060408
21060409
21060412
21060413
21060414
21060415
21060416
21060419
21060420
21060421
21060422
21060423
21060426
21060427
21060428
21060429
21060430
21060503
21060504
21060505
21060506
21060507
21060510
21060511
21060512
21060513
21060514
21060517
21060518
21060519
21060520
21060521
21060524
21060525
21060526
21060527
21060528
21060531
21060601
21060602
21060603
21060604
21060607
21060608
21060609
21060610
21060611
21060614
21060615
21060616
21060617
21060618
21060621
21060622
21060623
21060624
21060625
21060628
21060629
21060630
21060701
21060702
21060705
21060706
21060707
21060708
21060709
21060712
21060713
21060714
21060715
21060716
21060719
21060720
21060721
21060722
21060723
21060726
21060727
21060728
21060729
21060730
21060802
21060803
21060804
21060805
21060806
21060809
21060810
21060811
21060812
21060813
21060816
21060817
21060818
21060819
21060820
21060823
21060824
21060825
21060826
21060827
21060830
21060831
21060901
21060902
21060903
21060906
21060907
21060908
21060909
21060910
21060913
21060914
21060915
21060916
21060917
21060920
21060921
21060922
21060923
21060924
21060927
21060928
21060929
21060930
21061001
21061004
21061005
21061006
21061007
21061008
21061011
21061012
21061013
21061014
21061015
21061018
21061019
21061020
21061021
21061022
21061025
21061026
21061027
21061028
21061029
21061101
21061102
21061103
21061104
21061105
21061108
21061109
21061110
21061111
21061112
21061115
21061116
21061117
21061118
21061119
21061122
21061123
21061124
21061125
21061126
21061129
21061130
21061201
21061202
21061203
21061206
21061207
21061208
21061209
21061210
21061213
21061214
21061215
21061216
21061217
21061220
21061221
21061222
21061223
21061224
21061227
21061228
21061229
21061230
21061231
21070103
21070104
21070105
21070106
21070107
21070110
21070111
21070112
21070113
21070114
21070117
21070118
21070119
21070120
21070121
21070124
21070125
21070126
21070127
21070128
21070131
21070201
21070202
21070203
21070204
21070207
21070208
21070209
21070210
21070211
21070214
21070215
21070216
21070217
21070218
21070221
21070222
21070223
21070224
21070225
21070228
21070301
21070302
21070303
21070304
21070307
21070308
21070309
21070310
21070311
21070314
21070315
21070316
21070317
21070318
21070321
21070322
21070323
21070324
21070325
21070328
21070329
21070330
21070331
21070401
21070404
21070405
21070406
21070407
21070408
21070411
21070412
21070413
21070414
21070415
21070418
21070419
21070420
21070421
21070422
21070425
21070426
21070427
21070428
21070429
21070502
21070503
21070504
21070505
21070506
21070509
21070510
21070511
21070512
21070513
21070516
21070517
21070518
21070519
21070520
21070523
21070524
21070525
21070526
21070527
21070530
21070531
21070601
21070602
21070603
21070606
21070607
21070608
21070609
21070610
21070613
21070614
21070615
21070616
21070617
21070620
21070621
21070622
21070623
21070624
21070627
21070628
21070629
21070630
21070701
21070704
21070705
21070706
21070707
21070708
21070711
21070712
21070713
21070714
21070715
21070718
21070719
21070720
21070721
21070722
21070725
21070726
21070727
21070728
21070729
21070801
21070802
21070803
21070804
21070805
21070808
21070809
21070810
21070811
21070812
21070815
21070816
21070817
21070818
21070819
21070822
21070823
21070824
21070825
21070826
21070829
21070830
21070831
21070901
21070902
21070905
21070906
21070907
21070908
21070909
21070912
21070913
21070914
21070915
21070916
21070919
21070920
21070921
21070922
21070923
21070926
21070927
21070928
21070929
21070930
21071003
21071004
21071005
21071006
21071007
21071010
21071011
21071012
21071013
21071014
21071017
21071018
21071019
21071020
21071021
21071024
21071025
21071026
21071027
21071028
21071031
21071101
21071102
21071103
21071104
21071107
21071108
21071109
21071110
21071111
21071114
21071115
21071116
21071117
21071118
21071121
21071122
21071123
21071124
21071125
21071128
21071129
21071130
21071201
21071202
21071205
21071206
21071207
21071208
21071209
21071212
21071213
21071214
21071215
21071216
21071219
21071220
21071221
21071222
21071223
21071226
21071227
21071228
21071229
21071230
21080102
21080103
21080104
21080105
21080106
21080109
21080110
21080111
21080112
21080113
21080116
21080117
21080118
21080119
21080120
21080123
21080124
21080125
21080126
21080127
21080130
21080131
21080201
21080202
21080203
21080206
21080207
21080208
21080209
21080210
21080213
21080214
21080215
21080216
21080217
21080220
21080221
21080222
21080223
21080224
21080227
21080228
21080229
21080301
21080302
21080305
21080306
21080307
21080308
21080309
21080312
21080313
21080314
21080315
21080316
21080319
21080320
21080321
21080322
21080323
21080326
21080327
21080328
21080329
21080330
21080402
21080403
21080404
21080405
21080406
21080409
21080410
21080411
21080412
21080413
21080416
21080417
21080418
21080419
21080420
21080423
21080424
21080425
21080426
21080427
21080430
21080501
21080502
21080503
21080504
21080507
21080508
21080509
21080510
21080511
21080514
21080515
21080516
21080517
21080518
21080521
21080522
21080523
21080524
21080525
21080528
21080529
21080530
21080531
21080601
21080604
21080605
21080606
21080607
21080608
21080611
21080612
21080613
21080614
21080615
21080618
21080619
21080620
21080621
21080622
21080625
21080626
21080627
21080628
21080629
21080702
21080703
21080704
21080705
21080706
21080709
