19990101
19990102
19990103
19990109
19990110
19990116
19990117
19990123
19990124
19990130
19990131
19990206
19990207
19990213
19990214
19990215
19990216
19990220
19990221
19990227
19990228
19990306
19990307
19990313
19990314
19990320
19990321
19990327
19990328
19990401
19990402
19990403
19990404
19990410
19990411
19990417
19990418
19990421
19990424
19990425
19990501
19990502
19990508
19990509
19990515
19990516
19990522
19990523
19990529
19990530
19990603
19990605
19990606
19990612
19990613
19990619
19990620
19990626
19990627
19990703
19990704
19990710
19990711
19990717
19990718
19990724
19990725
19990731
19990801
19990807
19990808
19990814
19990815
19990821
19990822
19990828
19990829
19990904
19990905
19990907
19990911
19990912
19990918
19990919
19990925
19990926
19991002
19991003
19991009
19991010
19991012
19991016
19991017
19991023
19991024
19991030
19991031
19991102
19991106
19991107
19991113
19991114
19991115
19991120
19991121
19991127
19991128
19991204
19991205
19991211
19991212
19991218
19991219
19991225
19991226
20000101
20000102
20000108
20000109
20000115
20000116
20000122
20000123
20000129
20000130
20000205
20000206
20000212
20000213
20000219
20000220
20000226
20000227
20000304
20000305
20000306
20000307
20000311
20000312
20000318
20000319
20000325
20000326
20000401
20000402
20000408
20000409
20000415
20000416
20000421
20000422
20000423
20000429
20000430
20000501
20000506
20000507
20000513
20000514
20000520
20000521
20000527
20000528
20000603
20000604
20000610
20000611
20000617
20000618
20000622
20000624
20000625
20000701
20000702
20000708
20000709
20000715
20000716
20000722
20000723
20000729
20000730
20000805
20000806
20000812
20000813
20000819
20000820
20000826
20000827
20000902
20000903
20000907
20000909
20000910
20000916
20000917
20000923
20000924
20000930
20001001
20001007
20001008
20001012
20001014
20001015
20001021
20001022
20001028
20001029
20001102
20001104
20001105
20001111
20001112
20001115
20001118
20001119
20001125
20001126
20001202
20001203
20001209
20001210
20001216
20001217
20001223
20001224
20001225
20001230
20001231
20010101
20010106
20010107
20010113
20010114
20010120
20010121
20010127
20010128
20010203
20010204
20010210
20010211
20010217
20010218
20010224
20010225
20010226
20010227
20010303
20010304
20010310
20010311
20010317
20010318
20010324
20010325
20010331
20010401
20010407
20010408
20010413
20010414
20010415
20010421
20010422
20010428
20010429
20010501
20010505
20010506
20010512
20010513
20010519
20010520
20010526
20010527
20010602
20010603
20010609
20010610
20010614
20010616
20010617
20010623
20010624
20010630
20010701
20010707
20010708
20010714
20010715
20010721
20010722
20010728
20010729
20010804
20010805
20010811
20010812
20010818
20010819
20010825
20010826
20010901
20010902
20010907
20010908
20010909
20010915
20010916
20010922
20010923
20010929
20010930
20011006
20011007
20011012
20011013
20011014
20011020
20011021
20011027
20011028
20011102
20011103
20011104
20011110
20011111
20011115
20011117
20011118
20011124
20011125
20011201
20011202
20011208
20011209
20011215
20011216
20011222
20011223
20011225
20011229
20011230
20020101
20020105
20020106
20020112
20020113
20020119
20020120
20020126
20020127
20020202
20020203
20020209
20020210
20020211
20020212
20020216
20020217
20020223
20020224
20020302
20020303
20020309
20020310
20020316
20020317
20020323
20020324
20020329
20020330
20020331
20020406
20020407
20020413
20020414
20020420
20020421
20020427
20020428
20020501
20020504
20020505
20020511
20020512
20020518
20020519
20020525
20020526
20020530
20020601
20020602
20020608
20020609
20020615
20020616
20020622
20020623
20020629
20020630
20020706
20020707
20020713
20020714
20020720
20020721
20020727
20020728
20020803
20020804
20020810
20020811
20020817
20020818
20020824
20020825
20020831
20020901
20020907
20020908
20020914
20020915
20020921
20020922
20020928
20020929
20021005
20021006
20021012
20021013
20021019
20021020
20021026
20021027
20021102
20021103
20021109
20021110
20021115
20021116
20021117
20021123
20021124
20021130
20021201
20021207
20021208
20021214
20021215
20021221
20021222
20021225
20021228
20021229
20030101
20030104
20030105
20030111
20030112
20030118
20030119
20030125
20030126
20030201
20030202
20030208
20030209
20030215
20030216
20030222
20030223
20030301
20030302
20030303
20030304
20030308
20030309
20030315
20030316
20030322
20030323
20030329
20030330
20030405
20030406
20030412
20030413
20030418
20030419
20030420
20030421
20030426
20030427
20030501
20030503
20030504
20030510
20030511
20030517
20030518
20030524
20030525
20030531
20030601
20030607
20030608
20030614
20030615
20030619
20030621
20030622
20030628
20030629
20030705
20030706
20030712
20030713
20030719
20030720
20030726
20030727
20030802
20030803
20030809
20030810
20030816
20030817
20030823
20030824
20030830
20030831
20030906
20030907
20030913
20030914
20030920
20030921
20030927
20030928
20031004
20031005
20031011
20031012
20031018
20031019
20031025
20031026
20031101
20031102
20031108
20031109
20031115
20031116
20031122
20031123
20031129
20031130
20031206
20031207
20031213
20031214
20031220
20031221
20031225
20031227
20031228
20040101
20040103
20040104
20040110
20040111
20040117
20040118
20040124
20040125
20040131
20040201
20040207
20040208
20040214
20040215
20040221
20040222
20040223
20040224
20040228
20040229
20040306
20040307
20040313
20040314
20040320
20040321
20040327
20040328
20040403
20040404
20040409
20040410
20040411
20040417
20040418
20040421
20040424
20040425
20040501
20040502
20040508
20040509
20040515
20040516
20040522
20040523
20040529
20040530
20040605
20040606
20040610
20040612
20040613
20040619
20040620
20040626
20040627
20040703
20040704
20040710
20040711
20040717
20040718
20040724
20040725
20040731
20040801
20040807
20040808
20040814
20040815
20040821
20040822
20040828
20040829
20040904
20040905
20040907
20040911
20040912
20040918
20040919
20040925
20040926
20041002
20041003
20041009
20041010
20041012
20041016
20041017
20041023
20041024
20041030
20041031
20041102
20041106
20041107
20041113
20041114
20041115
20041120
20041121
20041127
20041128
20041204
20041205
20041211
20041212
20041218
20041219
20041225
20041226
20050101
20050102
20050108
20050109
20050115
20050116
20050122
20050123
20050129
20050130
20050205
20050206
20050207
20050208
20050212
20050213
20050219
20050220
20050226
20050227
20050305
20050306
20050312
20050313
20050319
20050320
20050325
20050326
20050327
20050402
20050403
20050409
20050410
20050416
20050417
20050421
20050423
20050424
20050430
20050501
20050507
20050508
20050514
20050515
20050521
20050522
20050526
20050528
20050529
20050604
20050605
20050611
20050612
20050618
20050619
20050625
20050626
20050702
20050703
20050709
20050710
20050716
20050717
20050723
20050724
20050730
20050731
20050806
20050807
20050813
20050814
20050820
20050821
20050827
20050828
20050903
20050904
20050907
20050910
20050911
20050917
20050918
20050924
20050925
20051001
20051002
20051008
20051009
20051012
20051015
20051016
20051022
20051023
20051029
20051030
20051102
20051105
20051106
20051112
20051113
20051115
20051119
20051120
20051126
20051127
20051203
20051204
20051210
20051211
20051217
20051218
20051224
20051225
20051231
20060101
20060107
20060108
20060114
20060115
20060121
20060122
20060128
20060129
20060204
20060205
20060211
20060212
20060218
20060219
20060225
20060226
20060227
20060228
20060304
20060305
20060311
20060312
20060318
20060319
20060325
20060326
20060401
20060402
20060408
20060409
20060414
20060415
20060416
20060421
20060422
20060423
20060429
20060430
20060501
20060506
20060507
20060513
20060514
20060520
20060521
20060527
20060528
20060603
20060604
20060610
20060611
20060615
20060617
20060618
20060624
20060625
20060701
20060702
20060708
20060709
20060715
20060716
20060722
20060723
20060729
20060730
20060805
20060806
20060812
20060813
20060819
20060820
20060826
20060827
20060902
20060903
20060907
20060909
20060910
20060916
20060917
20060923
20060924
20060930
20061001
20061007
20061008
20061012
20061014
20061015
20061021
20061022
20061028
20061029
20061102
20061104
20061105
20061111
20061112
20061115
20061118
20061119
20061125
20061126
20061202
20061203
20061209
20061210
20061216
20061217
20061223
20061224
20061225
20061230
20061231
20070101
20070106
20070107
20070113
20070114
20070120
20070121
20070127
20070128
20070203
20070204
20070210
20070211
20070217
20070218
20070219
20070220
20070224
20070225
20070303
20070304
20070310
20070311
20070317
20070318
20070324
20070325
20070331
20070401
20070406
20070407
20070408
20070414
20070415
20070421
20070422
20070428
20070429
20070501
20070505
20070506
20070512
20070513
20070519
20070520
20070526
20070527
20070602
20070603
20070607
20070609
20070610
20070616
20070617
20070623
20070624
20070630
20070701
20070707
20070708
20070714
20070715
20070721
20070722
20070728
20070729
20070804
20070805
20070811
20070812
20070818
20070819
20070825
20070826
20070901
20070902
20070907
20070908
20070909
20070915
20070916
20070922
20070923
20070929
20070930
20071006
20071007
20071012
20071013
20071014
20071020
20071021
20071027
20071028
20071102
20071103
20071104
20071110
20071111
20071115
20071117
20071118
20071124
20071125
20071201
20071202
20071208
20071209
20071215
20071216
20071222
20071223
20071225
20071229
20071230
20080101
20080105
20080106
20080112
20080113
20080119
20080120
20080126
20080127
20080202
20080203
20080204
20080205
20080209
20080210
20080216
20080217
20080223
20080224
20080301
20080302
20080308
20080309
20080315
20080316
20080321
20080322
20080323
20080329
20080330
20080405
20080406
20080412
20080413
20080419
20080420
20080421
20080426
20080427
20080501
20080503
20080504
20080510
20080511
20080517
20080518
20080522
20080524
20080525
20080531
20080601
20080607
20080608
20080614
20080615
20080621
20080622
20080628
20080629
20080705
20080706
20080712
20080713
20080719
20080720
20080726
20080727
20080802
20080803
20080809
20080810
20080816
20080817
20080823
20080824
20080830
20080831
20080906
20080907
20080913
20080914
20080920
20080921
20080927
20080928
20081004
20081005
20081011
20081012
20081018
20081019
20081025
20081026
20081101
20081102
20081108
20081109
20081115
20081116
20081122
20081123
20081129
20081130
20081206
20081207
20081213
20081214
20081220
20081221
20081225
20081227
20081228
20090101
20090103
20090104
20090110
20090111
20090117
20090118
20090124
20090125
20090131
20090201
20090207
20090208
20090214
20090215
20090221
20090222
20090223
20090224
20090228
20090301
20090307
20090308
20090314
20090315
20090321
20090322
20090328
20090329
20090404
20090405
20090410
20090411
20090412
20090418
20090419
20090421
20090425
20090426
20090501
20090502
20090503
20090509
20090510
20090516
20090517
20090523
20090524
20090530
20090531
20090606
20090607
20090611
20090613
20090614
20090620
20090621
20090627
20090628
20090704
20090705
20090711
20090712
20090718
20090719
20090725
20090726
20090801
20090802
20090808
20090809
20090815
20090816
20090822
20090823
20090829
20090830
20090905
20090906
20090907
20090912
20090913
20090919
20090920
20090926
20090927
20091003
20091004
20091010
20091011
20091012
20091017
20091018
20091024
20091025
20091031
20091101
20091102
20091107
20091108
20091114
20091115
20091121
20091122
20091128
20091129
20091205
20091206
20091212
20091213
20091219
20091220
20091225
20091226
20091227
20100101
20100102
20100103
20100109
20100110
20100116
20100117
20100123
20100124
20100130
20100131
20100206
20100207
20100213
20100214
20100215
20100216
20100220
20100221
20100227
20100228
20100306
20100307
20100313
20100314
20100320
20100321
20100327
20100328
20100402
20100403
20100404
20100410
20100411
20100417
20100418
20100421
20100424
20100425
20100501
20100502
20100508
20100509
20100515
20100516
20100522
20100523
20100529
20100530
20100603
20100605
20100606
20100612
20100613
20100619
20100620
20100626
20100627
20100703
20100704
20100710
20100711
20100717
20100718
20100724
20100725
20100731
20100801
20100807
20100808
20100814
20100815
20100821
20100822
20100828
20100829
20100904
20100905
20100907
20100911
20100912
20100918
20100919
20100925
20100926
20101002
20101003
20101009
20101010
20101012
20101016
20101017
20101023
20101024
20101030
20101031
20101102
20101106
20101107
20101113
20101114
20101115
20101120
20101121
20101127
20101128
20101204
20101205
20101211
20101212
20101218
20101219
20101225
20101226
20110101
20110102
20110108
20110109
20110115
20110116
20110122
20110123
20110129
20110130
20110205
20110206
20110212
20110213
20110219
20110220
20110226
20110227
20110305
20110306
20110307
20110308
20110312
20110313
20110319
20110320
20110326
20110327
20110402
20110403
20110409
20110410
20110416
20110417
20110421
20110422
20110423
20110424
20110430
20110501
20110507
20110508
20110514
20110515
20110521
20110522
20110528
20110529
20110604
20110605
20110611
20110612
20110618
20110619
20110623
20110625
20110626
20110702
20110703
20110709
20110710
20110716
20110717
20110723
20110724
20110730
20110731
20110806
20110807
20110813
20110814
20110820
20110821
20110827
20110828
20110903
20110904
20110907
20110910
20110911
20110917
20110918
20110924
20110925
20111001
20111002
20111008
20111009
20111012
20111015
20111016
20111022
20111023
20111029
20111030
20111102
20111105
20111106
20111112
20111113
20111115
20111119
20111120
20111126
20111127
20111203
20111204
20111210
20111211
20111217
20111218
20111224
20111225
20111231
20120101
20120107
20120108
20120114
20120115
20120121
20120122
20120128
20120129
20120204
20120205
20120211
20120212
20120218
20120219
20120220
20120221
20120225
20120226
20120303
20120304
20120310
20120311
20120317
20120318
20120324
20120325
20120331
20120401
20120406
20120407
20120408
20120414
20120415
20120421
20120422
20120428
20120429
20120501
20120505
20120506
20120512
20120513
20120519
20120520
20120526
20120527
20120602
20120603
20120607
20120609
20120610
20120616
20120617
20120623
20120624
20120630
20120701
20120707
20120708
20120714
20120715
20120721
20120722
20120728
20120729
20120804
20120805
20120811
20120812
20120818
20120819
20120825
20120826
20120901
20120902
20120907
20120908
20120909
20120915
20120916
20120922
20120923
20120929
20120930
20121006
20121007
20121012
20121013
20121014
20121020
20121021
20121027
20121028
20121102
20121103
20121104
20121110
20121111
20121115
20121117
20121118
20121124
20121125
20121201
20121202
20121208
20121209
20121215
20121216
20121222
20121223
20121225
20121229
20121230
20130101
20130105
20130106
20130112
20130113
20130119
20130120
20130126
20130127
20130202
20130203
20130209
20130210
20130211
20130212
20130216
20130217
20130223
20130224
20130302
20130303
20130309
20130310
20130316
20130317
20130323
20130324
20130329
20130330
20130331
20130406
20130407
20130413
20130414
20130420
20130421
20130427
20130428
20130501
20130504
20130505
20130511
20130512
20130518
20130519
20130525
20130526
20130530
20130601
20130602
20130608
20130609
20130615
20130616
20130622
20130623
20130629
20130630
20130706
20130707
20130713
20130714
20130720
20130721
20130727
20130728
20130803
20130804
20130810
20130811
20130817
20130818
20130824
20130825
20130831
20130901
20130907
20130908
20130914
20130915
20130921
20130922
20130928
20130929
20131005
20131006
20131012
20131013
20131019
20131020
20131026
20131027
20131102
20131103
20131109
20131110
20131115
20131116
20131117
20131123
20131124
20131130
20131201
20131207
20131208
20131214
20131215
20131221
20131222
20131225
20131228
20131229
20140101
20140104
20140105
20140111
20140112
20140118
20140119
20140125
20140126
20140201
20140202
20140208
20140209
20140215
20140216
20140222
20140223
20140301
20140302
20140303
20140304
20140308
20140309
20140315
20140316
20140322
20140323
20140329
20140330
20140405
20140406
20140412
20140413
20140418
20140419
20140420
20140421
20140426
20140427
20140501
20140503
20140504
20140510
20140511
20140517
20140518
20140524
20140525
20140531
20140601
20140607
20140608
20140614
20140615
20140619
20140621
20140622
20140628
20140629
20140705
20140706
20140712
20140713
20140719
20140720
20140726
20140727
20140802
20140803
20140809
20140810
20140816
20140817
20140823
20140824
20140830
20140831
20140906
20140907
20140913
20140914
20140920
20140921
20140927
20140928
20141004
20141005
20141011
20141012
20141018
20141019
20141025
20141026
20141101
20141102
20141108
20141109
20141115
20141116
20141122
20141123
20141129
20141130
20141206
20141207
20141213
20141214
20141220
20141221
20141225
20141227
20141228
20150101
20150103
20150104
20150110
20150111
20150117
20150118
20150124
20150125
20150131
20150201
20150207
20150208
20150214
20150215
20150216
20150217
20150221
20150222
20150228
20150301
20150307
20150308
20150314
20150315
20150321
20150322
20150328
20150329
20150403
20150404
20150405
20150411
20150412
20150418
20150419
20150421
20150425
20150426
20150501
20150502
20150503
20150509
20150510
20150516
20150517
20150523
20150524
20150530
20150531
20150604
20150606
20150607
20150613
20150614
20150620
20150621
20150627
20150628
20150704
20150705
20150711
20150712
20150718
20150719
20150725
20150726
20150801
20150802
20150808
20150809
20150815
20150816
20150822
20150823
20150829
20150830
20150905
20150906
20150907
20150912
20150913
20150919
20150920
20150926
20150927
20151003
20151004
20151010
20151011
20151012
20151017
20151018
20151024
20151025
20151031
20151101
20151102
20151107
20151108
20151114
20151115
20151121
20151122
20151128
20151129
20151205
20151206
20151212
20151213
20151219
20151220
20151225
20151226
20151227
20160101
20160102
20160103
20160109
20160110
20160116
20160117
20160123
20160124
20160130
20160131
20160206
20160207
20160208
20160209
20160213
20160214
20160220
20160221
20160227
20160228
20160305
20160306
20160312
20160313
20160319
20160320
20160325
20160326
20160327
20160402
20160403
20160409
20160410
20160416
20160417
20160421
20160423
20160424
20160430
20160501
20160507
20160508
20160514
20160515
20160521
20160522
20160526
20160528
20160529
20160604
20160605
20160611
20160612
20160618
20160619
20160625
20160626
20160702
20160703
20160709
20160710
20160716
20160717
20160723
20160724
20160730
20160731
20160806
20160807
20160813
20160814
20160820
20160821
20160827
20160828
20160903
20160904
20160907
20160910
20160911
20160917
20160918
20160924
20160925
20161001
20161002
20161008
20161009
20161012
20161015
20161016
20161022
20161023
20161029
20161030
20161102
20161105
20161106
20161112
20161113
20161115
20161119
20161120
20161126
20161127
20161203
20161204
20161210
20161211
20161217
20161218
20161224
20161225
20161231
20170101
20170107
20170108
20170114
20170115
20170121
20170122
20170128
20170129
20170204
20170205
20170211
20170212
20170218
20170219
20170225
20170226
20170227
20170228
20170304
20170305
20170311
20170312
20170318
20170319
20170325
20170326
20170401
20170402
20170408
20170409
20170414
20170415
20170416
20170421
20170422
20170423
20170429
20170430
20170501
20170506
20170507
20170513
20170514
20170520
20170521
20170527
20170528
20170603
20170604
20170610
20170611
20170615
20170617
20170618
20170624
20170625
20170701
20170702
20170708
20170709
20170715
20170716
20170722
20170723
20170729
20170730
20170805
20170806
20170812
20170813
20170819
20170820
20170826
20170827
20170902
20170903
20170907
20170909
20170910
20170916
20170917
20170923
20170924
20170930
20171001
20171007
20171008
20171012
20171014
20171015
20171021
20171022
20171028
20171029
20171102
20171104
20171105
20171111
20171112
20171115
20171118
20171119
20171125
20171126
20171202
20171203
20171209
20171210
20171216
20171217
20171223
20171224
20171225
20171230
20171231
20180101
20180106
20180107
20180113
20180114
20180120
20180121
20180127
20180128
20180203
20180204
20180210
20180211
20180212
20180213
20180217
20180218
20180224
20180225
20180303
20180304
20180310
20180311
20180317
20180318
20180324
20180325
20180330
20180331
20180401
20180407
20180408
20180414
20180415
20180421
20180422
20180428
20180429
20180501
20180505
20180506
20180512
20180513
20180519
20180520
20180526
20180527
20180531
20180602
20180603
20180609
20180610
20180616
20180617
20180623
20180624
20180630
20180701
20180707
20180708
20180714
20180715
20180721
20180722
20180728
20180729
20180804
20180805
20180811
20180812
20180818
20180819
20180825
20180826
20180901
20180902
20180907
20180908
20180909
20180915
20180916
20180922
20180923
20180929
20180930
20181006
20181007
20181012
20181013
20181014
20181020
20181021
20181027
20181028
20181102
20181103
20181104
20181110
20181111
20181115
20181117
20181118
20181124
20181125
20181201
20181202
20181208
20181209
20181215
20181216
20181222
20181223
20181225
20181229
20181230
20190101
20190105
20190106
20190112
20190113
20190119
20190120
20190126
20190127
20190202
20190203
20190209
20190210
20190216
20190217
20190223
20190224
20190302
20190303
20190304
20190305
20190309
20190310
20190316
20190317
20190323
20190324
20190330
20190331
20190406
20190407
20190413
20190414
20190419
20190420
20190421
20190427
20190428
20190501
20190504
20190505
20190511
20190512
20190518
20190519
20190525
20190526
20190601
20190602
20190608
20190609
20190615
20190616
20190620
20190622
20190623
20190629
20190630
20190706
20190707
20190713
20190714
20190720
20190721
20190727
20190728
20190803
20190804
20190810
20190811
20190817
20190818
20190824
20190825
20190831
20190901
20190907
20190908
20190914
20190915
20190921
20190922
20190928
20190929
20191005
20191006
20191012
20191013
20191019
20191020
20191026
20191027
20191102
20191103
20191109
20191110
20191115
20191116
20191117
20191123
20191124
20191130
20191201
20191207
20191208
20191214
20191215
20191221
20191222
20191225
20191228
20191229
20200101
20200104
20200105
20200111
20200112
20200118
20200119
20200125
20200126
20200201
20200202
20200208
20200209
20200215
20200216
20200222
20200223
20200224
20200225
20200229
20200301
20200307
20200308
20200314
20200315
20200321
20200322
20200328
20200329
20200404
20200405
20200410
20200411
20200412
20200418
20200419
20200421
20200425
20200426
20200501
20200502
20200503
20200509
20200510
20200516
20200517
20200523
20200524
20200530
20200531
20200606
20200607
20200611
20200613
20200614
20200620
20200621
20200627
20200628
20200704
20200705
20200711
20200712
20200718
20200719
20200725
20200726
20200801
20200802
20200808
20200809
20200815
20200816
20200822
20200823
20200829
20200830
20200905
20200906
20200907
20200912
20200913
20200919
20200920
20200926
20200927
20201003
20201004
20201010
20201011
20201012
20201017
20201018
20201024
20201025
20201031
20201101
20201102
20201107
20201108
20201114
20201115
20201121
20201122
20201128
20201129
20201205
20201206
20201212
20201213
20201219
20201220
20201225
20201226
20201227
20210101
20210102
20210103
20210109
20210110
20210116
20210117
20210123
20210124
20210130
20210131
20210206
20210207
20210213
20210214
20210215
20210216
20210220
20210221
20210227
20210228
20210306
20210307
20210313
20210314
20210320
20210321
20210327
20210328
20210402
20210403
20210404
20210410
20210411
20210417
20210418
20210421
20210424
20210425
20210501
20210502
20210508
20210509
20210515
20210516
20210522
20210523
20210529
20210530
20210603
20210605
20210606
20210612
20210613
20210619
20210620
20210626
20210627
20210703
20210704
20210710
20210711
20210717
20210718
20210724
20210725
20210731
20210801
20210807
20210808
20210814
20210815
20210821
20210822
20210828
20210829
20210904
20210905
20210907
20210911
20210912
20210918
20210919
20210925
20210926
20211002
20211003
20211009
20211010
20211012
20211016
20211017
20211023
20211024
20211030
20211031
20211102
20211106
20211107
20211113
20211114
20211115
20211120
20211121
20211127
20211128
20211204
20211205
20211211
20211212
20211218
20211219
20211225
20211226
20220101
20220102
20220108
20220109
20220115
20220116
20220122
20220123
20220129
20220130
20220205
20220206
20220212
20220213
20220219
20220220
20220226
20220227
20220228
20220301
20220305
20220306
20220312
20220313
20220319
20220320
20220326
20220327
20220402
20220403
20220409
20220410
20220415
20220416
20220417
20220421
20220423
20220424
20220430
20220501
20220507
20220508
20220514
20220515
20220521
20220522
20220528
20220529
20220604
20220605
20220611
20220612
20220616
20220618
20220619
20220625
20220626
20220702
20220703
20220709
20220710
20220716
20220717
20220723
20220724
20220730
20220731
20220806
20220807
20220813
20220814
20220820
20220821
20220827
20220828
20220903
20220904
20220907
20220910
20220911
20220917
20220918
20220924
20220925
20221001
20221002
20221008
20221009
20221012
20221015
20221016
20221022
20221023
20221029
20221030
20221102
20221105
20221106
20221112
20221113
20221115
20221119
20221120
20221126
20221127
20221203
20221204
20221210
20221211
20221217
20221218
20221224
20221225
20221231
20230101
20230107
20230108
20230114
20230115
20230121
20230122
20230128
20230129
20230204
20230205
20230211
20230212
20230218
20230219
20230220
20230221
20230225
20230226
20230304
20230305
20230311
20230312
20230318
20230319
20230325
20230326
20230401
20230402
20230407
20230408
20230409
20230415
20230416
20230421
20230422
20230423
20230429
20230430
20230501
20230506
20230507
20230513
20230514
20230520
20230521
20230527
20230528
20230603
20230604
20230608
20230610
20230611
20230617
20230618
20230624
20230625
20230701
20230702
20230708
20230709
20230715
20230716
20230722
20230723
20230729
20230730
20230805
20230806
20230812
20230813
20230819
20230820
20230826
20230827
20230902
20230903
20230907
20230909
20230910
20230916
20230917
20230923
20230924
20230930
20231001
20231007
20231008
20231012
20231014
20231015
20231021
20231022
20231028
20231029
20231102
20231104
20231105
20231111
20231112
20231115
20231118
20231119
20231125
20231126
20231202
20231203
20231209
20231210
20231216
20231217
20231223
20231224
20231225
20231230
20231231
20240101
20240106
20240107
20240113
20240114
20240120
20240121
20240127
20240128
20240203
20240204
20240210
20240211
20240212
20240213
20240217
20240218
20240224
20240225
20240302
20240303
20240309
20240310
20240316
20240317
20240323
20240324
20240329
20240330
20240331
20240406
20240407
20240413
20240414
20240420
20240421
20240427
20240428
20240501
20240504
20240505
20240511
20240512
20240518
20240519
20240525
20240526
20240530
20240601
20240602
20240608
20240609
20240615
20240616
20240622
20240623
20240629
20240630
20240706
20240707
20240713
20240714
20240720
20240721
20240727
20240728
20240803
20240804
20240810
20240811
20240817
20240818
20240824
20240825
20240831
20240901
20240907
20240908
20240914
20240915
20240921
20240922
20240928
20240929
20241005
20241006
20241012
20241013
20241019
20241020
20241026
20241027
20241102
20241103
20241109
20241110
20241115
20241116
20241117
20241123
20241124
20241130
20241201
20241207
20241208
20241214
20241215
20241221
20241222
20241225
20241228
20241229
20250101
20250104
20250105
20250111
20250112
20250118
20250119
20250125
20250126
20250201
20250202
20250208
20250209
20250215
20250216
20250222
20250223
20250301
20250302
20250303
20250304
20250308
20250309
20250315
20250316
20250322
20250323
20250329
20250330
20250405
20250406
20250412
20250413
20250418
20250419
20250420
20250421
20250426
20250427
20250501
20250503
20250504
20250510
20250511
20250517
20250518
20250524
20250525
20250531
20250601
20250607
20250608
20250614
20250615
20250619
20250621
20250622
20250628
20250629
20250705
20250706
20250712
20250713
20250719
20250720
20250726
20250727
20250802
20250803
20250809
20250810
20250816
20250817
20250823
20250824
20250830
20250831
20250906
20250907
20250913
20250914
20250920
20250921
20250927
20250928
20251004
20251005
20251011
20251012
20251018
20251019
20251025
20251026
20251101
20251102
20251108
20251109
20251115
20251116
20251122
20251123
20251129
20251130
20251206
20251207
20251213
20251214
20251220
20251221
20251225
20251227
20251228
20260101
20260103
20260104
20260110
20260111
20260117
20260118
20260124
20260125
20260131
20260201
20260207
20260208
20260214
20260215
20260216
20260217
20260221
20260222
20260228
20260301
20260307
20260308
20260314
20260315
20260321
20260322
20260328
20260329
20260403
20260404
20260405
20260411
20260412
20260418
20260419
20260421
20260425
20260426
20260501
20260502
20260503
20260509
20260510
20260516
20260517
20260523
20260524
20260530
20260531
20260604
20260606
20260607
20260613
20260614
20260620
20260621
20260627
20260628
20260704
20260705
20260711
20260712
20260718
20260719
20260725
20260726
20260801
20260802
20260808
20260809
20260815
20260816
20260822
20260823
20260829
20260830
20260905
20260906
20260907
20260912
20260913
20260919
20260920
20260926
20260927
20261003
20261004
20261010
20261011
20261012
20261017
20261018
20261024
20261025
20261031
20261101
20261102
20261107
20261108
20261114
20261115
20261121
20261122
20261128
20261129
20261205
20261206
20261212
20261213
20261219
20261220
20261225
20261226
20261227
20270101
20270102
20270103
20270109
20270110
20270116
20270117
20270123
20270124
20270130
20270131
20270206
20270207
20270208
20270209
20270213
20270214
20270220
20270221
20270227
20270228
20270306
20270307
20270313
20270314
20270320
20270321
20270326
20270327
20270328
20270403
20270404
20270410
20270411
20270417
20270418
20270421
20270424
20270425
20270501
20270502
20270508
20270509
20270515
20270516
20270522
20270523
20270527
20270529
20270530
20270605
20270606
20270612
20270613
20270619
20270620
20270626
20270627
20270703
20270704
20270710
20270711
20270717
20270718
20270724
20270725
20270731
20270801
20270807
20270808
20270814
20270815
20270821
20270822
20270828
20270829
20270904
20270905
20270907
20270911
20270912
20270918
20270919
20270925
20270926
20271002
20271003
20271009
20271010
20271012
20271016
20271017
20271023
20271024
20271030
20271031
20271102
20271106
20271107
20271113
20271114
20271115
20271120
20271121
20271127
20271128
20271204
20271205
20271211
20271212
20271218
20271219
20271225
20271226
20280101
20280102
20280108
20280109
20280115
20280116
20280122
20280123
20280129
20280130
20280205
20280206
20280212
20280213
20280219
20280220
20280226
20280227
20280228
20280229
20280304
20280305
20280311
20280312
20280318
20280319
20280325
20280326
20280401
20280402
20280408
20280409
20280414
20280415
20280416
20280421
20280422
20280423
20280429
20280430
20280501
20280506
20280507
20280513
20280514
20280520
20280521
20280527
20280528
20280603
20280604
20280610
20280611
20280615
20280617
20280618
20280624
20280625
20280701
20280702
20280708
20280709
20280715
20280716
20280722
20280723
20280729
20280730
20280805
20280806
20280812
20280813
20280819
20280820
20280826
20280827
20280902
20280903
20280907
20280909
20280910
20280916
20280917
20280923
20280924
20280930
20281001
20281007
20281008
20281012
20281014
20281015
20281021
20281022
20281028
20281029
20281102
20281104
20281105
20281111
20281112
20281115
20281118
20281119
20281125
20281126
20281202
20281203
20281209
20281210
20281216
20281217
20281223
20281224
20281225
20281230
20281231
20290101
20290106
20290107
20290113
20290114
20290120
20290121
20290127
20290128
20290203
20290204
20290210
20290211
20290212
20290213
20290217
20290218
20290224
20290225
20290303
20290304
20290310
20290311
20290317
20290318
20290324
20290325
20290330
20290331
20290401
20290407
20290408
20290414
20290415
20290421
20290422
20290428
20290429
20290501
20290505
20290506
20290512
20290513
20290519
20290520
20290526
20290527
20290531
20290602
20290603
20290609
20290610
20290616
20290617
20290623
20290624
20290630
20290701
20290707
20290708
20290714
20290715
20290721
20290722
20290728
20290729
20290804
20290805
20290811
20290812
20290818
20290819
20290825
20290826
20290901
20290902
20290907
20290908
20290909
20290915
20290916
20290922
20290923
20290929
20290930
20291006
20291007
20291012
20291013
20291014
20291020
20291021
20291027
20291028
20291102
20291103
20291104
20291110
20291111
20291115
20291117
20291118
20291124
20291125
20291201
20291202
20291208
20291209
20291215
20291216
20291222
20291223
20291225
20291229
20291230
20300101
20300105
20300106
20300112
20300113
20300119
20300120
20300126
20300127
20300202
20300203
20300209
20300210
20300216
20300217
20300223
20300224
20300302
20300303
20300304
20300305
20300309
20300310
20300316
20300317
20300323
20300324
20300330
20300331
20300406
20300407
20300413
20300414
20300419
20300420
20300421
20300427
20300428
20300501
20300504
20300505
20300511
20300512
20300518
20300519
20300525
20300526
20300601
20300602
20300608
20300609
20300615
20300616
20300620
20300622
20300623
20300629
20300630
20300706
20300707
20300713
20300714
20300720
20300721
20300727
20300728
20300803
20300804
20300810
20300811
20300817
20300818
20300824
20300825
20300831
20300901
20300907
20300908
20300914
20300915
20300921
20300922
20300928
20300929
20301005
20301006
20301012
20301013
20301019
20301020
20301026
20301027
20301102
20301103
20301109
20301110
20301115
20301116
20301117
20301123
20301124
20301130
20301201
20301207
20301208
20301214
20301215
20301221
20301222
20301225
20301228
20301229
20310101
20310104
20310105
20310111
20310112
20310118
20310119
20310125
20310126
20310201
20310202
20310208
20310209
20310215
20310216
20310222
20310223
20310224
20310225
20310301
20310302
20310308
20310309
20310315
20310316
20310322
20310323
20310329
20310330
20310405
20310406
20310411
20310412
20310413
20310419
20310420
20310421
20310426
20310427
20310501
20310503
20310504
20310510
20310511
20310517
20310518
20310524
20310525
20310531
20310601
20310607
20310608
20310612
20310614
20310615
20310621
20310622
20310628
20310629
20310705
20310706
20310712
20310713
20310719
20310720
20310726
20310727
20310802
20310803
20310809
20310810
20310816
20310817
20310823
20310824
20310830
20310831
20310906
20310907
20310913
20310914
20310920
20310921
20310927
20310928
20311004
20311005
20311011
20311012
20311018
20311019
20311025
20311026
20311101
20311102
20311108
20311109
20311115
20311116
20311122
20311123
20311129
20311130
20311206
20311207
20311213
20311214
20311220
20311221
20311225
20311227
20311228
20320101
20320103
20320104
20320110
20320111
20320117
20320118
20320124
20320125
20320131
20320201
20320207
20320208
20320209
20320210
20320214
20320215
20320221
20320222
20320228
20320229
20320306
20320307
20320313
20320314
20320320
20320321
20320326
20320327
20320328
20320403
20320404
20320410
20320411
20320417
20320418
20320421
20320424
20320425
20320501
20320502
20320508
20320509
20320515
20320516
20320522
20320523
20320527
20320529
20320530
20320605
20320606
20320612
20320613
20320619
20320620
20320626
20320627
20320703
20320704
20320710
20320711
20320717
20320718
20320724
20320725
20320731
20320801
20320807
20320808
20320814
20320815
20320821
20320822
20320828
20320829
20320904
20320905
20320907
20320911
20320912
20320918
20320919
20320925
20320926
20321002
20321003
20321009
20321010
20321012
20321016
20321017
20321023
20321024
20321030
20321031
20321102
20321106
20321107
20321113
20321114
20321115
20321120
20321121
20321127
20321128
20321204
20321205
20321211
20321212
20321218
20321219
20321225
20321226
20330101
20330102
20330108
20330109
20330115
20330116
20330122
20330123
20330129
20330130
20330205
20330206
20330212
20330213
20330219
20330220
20330226
20330227
20330228
20330301
20330305
20330306
20330312
20330313
20330319
20330320
20330326
20330327
20330402
20330403
20330409
20330410
20330415
20330416
20330417
20330421
20330423
20330424
20330430
20330501
20330507
20330508
20330514
20330515
20330521
20330522
20330528
20330529
20330604
20330605
20330611
20330612
20330616
20330618
20330619
20330625
20330626
20330702
20330703
20330709
20330710
20330716
20330717
20330723
20330724
20330730
20330731
20330806
20330807
20330813
20330814
20330820
20330821
20330827
20330828
20330903
20330904
20330907
20330910
20330911
20330917
20330918
20330924
20330925
20331001
20331002
20331008
20331009
20331012
20331015
20331016
20331022
20331023
20331029
20331030
20331102
20331105
20331106
20331112
20331113
20331115
20331119
20331120
20331126
20331127
20331203
20331204
20331210
20331211
20331217
20331218
20331224
20331225
20331231
20340101
20340107
20340108
20340114
20340115
20340121
20340122
20340128
20340129
20340204
20340205
20340211
20340212
20340218
20340219
20340220
20340221
20340225
20340226
20340304
20340305
20340311
20340312
20340318
20340319
20340325
20340326
20340401
20340402
20340407
20340408
20340409
20340415
20340416
20340421
20340422
20340423
20340429
20340430
20340501
20340506
20340507
20340513
20340514
20340520
20340521
20340527
20340528
20340603
20340604
20340608
20340610
20340611
20340617
20340618
20340624
20340625
20340701
20340702
20340708
20340709
20340715
20340716
20340722
20340723
20340729
20340730
20340805
20340806
20340812
20340813
20340819
20340820
20340826
20340827
20340902
20340903
20340907
20340909
20340910
20340916
20340917
20340923
20340924
20340930
20341001
20341007
20341008
20341012
20341014
20341015
20341021
20341022
20341028
20341029
20341102
20341104
20341105
20341111
20341112
20341115
20341118
20341119
20341125
20341126
20341202
20341203
20341209
20341210
20341216
20341217
20341223
20341224
20341225
20341230
20341231
20350101
20350106
20350107
20350113
20350114
20350120
20350121
20350127
20350128
20350203
20350204
20350205
20350206
20350210
20350211
20350217
20350218
20350224
20350225
20350303
20350304
20350310
20350311
20350317
20350318
20350323
20350324
20350325
20350331
20350401
20350407
20350408
20350414
20350415
20350421
20350422
20350428
20350429
20350501
20350505
20350506
20350512
20350513
20350519
20350520
20350524
20350526
20350527
20350602
20350603
20350609
20350610
20350616
20350617
20350623
20350624
20350630
20350701
20350707
20350708
20350714
20350715
20350721
20350722
20350728
20350729
20350804
20350805
20350811
20350812
20350818
20350819
20350825
20350826
20350901
20350902
20350907
20350908
20350909
20350915
20350916
20350922
20350923
20350929
20350930
20351006
20351007
20351012
20351013
20351014
20351020
20351021
20351027
20351028
20351102
20351103
20351104
20351110
20351111
20351115
20351117
20351118
20351124
20351125
20351201
20351202
20351208
20351209
20351215
20351216
20351222
20351223
20351225
20351229
20351230
20360101
20360105
20360106
20360112
20360113
20360119
20360120
20360126
20360127
20360202
20360203
20360209
20360210
20360216
20360217
20360223
20360224
20360225
20360226
20360301
20360302
20360308
20360309
20360315
20360316
20360322
20360323
20360329
20360330
20360405
20360406
20360411
20360412
20360413
20360419
20360420
20360421
20360426
20360427
20360501
20360503
20360504
20360510
20360511
20360517
20360518
20360524
20360525
20360531
20360601
20360607
20360608
20360612
20360614
20360615
20360621
20360622
20360628
20360629
20360705
20360706
20360712
20360713
20360719
20360720
20360726
20360727
20360802
20360803
20360809
20360810
20360816
20360817
20360823
20360824
20360830
20360831
20360906
20360907
20360913
20360914
20360920
20360921
20360927
20360928
20361004
20361005
20361011
20361012
20361018
20361019
20361025
20361026
20361101
20361102
20361108
20361109
20361115
20361116
20361122
20361123
20361129
20361130
20361206
20361207
20361213
20361214
20361220
20361221
20361225
20361227
20361228
20370101
20370103
20370104
20370110
20370111
20370117
20370118
20370124
20370125
20370131
20370201
20370207
20370208
20370214
20370215
20370216
20370217
20370221
20370222
20370228
20370301
20370307
20370308
20370314
20370315
20370321
20370322
20370328
20370329
20370403
20370404
20370405
20370411
20370412
20370418
20370419
20370421
20370425
20370426
20370501
20370502
20370503
20370509
20370510
20370516
20370517
20370523
20370524
20370530
20370531
20370604
20370606
20370607
20370613
20370614
20370620
20370621
20370627
20370628
20370704
20370705
20370711
20370712
20370718
20370719
20370725
20370726
20370801
20370802
20370808
20370809
20370815
20370816
20370822
20370823
20370829
20370830
20370905
20370906
20370907
20370912
20370913
20370919
20370920
20370926
20370927
20371003
20371004
20371010
20371011
20371012
20371017
20371018
20371024
20371025
20371031
20371101
20371102
20371107
20371108
20371114
20371115
20371121
20371122
20371128
20371129
20371205
20371206
20371212
20371213
20371219
20371220
20371225
20371226
20371227
20380101
20380102
20380103
20380109
20380110
20380116
20380117
20380123
20380124
20380130
20380131
20380206
20380207
20380213
20380214
20380220
20380221
20380227
20380228
20380306
20380307
20380308
20380309
20380313
20380314
20380320
20380321
20380327
20380328
20380403
20380404
20380410
20380411
20380417
20380418
20380421
20380423
20380424
20380425
20380501
20380502
20380508
20380509
20380515
20380516
20380522
20380523
20380529
20380530
20380605
20380606
20380612
20380613
20380619
20380620
20380624
20380626
20380627
20380703
20380704
20380710
20380711
20380717
20380718
20380724
20380725
20380731
20380801
20380807
20380808
20380814
20380815
20380821
20380822
20380828
20380829
20380904
20380905
20380907
20380911
20380912
20380918
20380919
20380925
20380926
20381002
20381003
20381009
20381010
20381012
20381016
20381017
20381023
20381024
20381030
20381031
20381102
20381106
20381107
20381113
20381114
20381115
20381120
20381121
20381127
20381128
20381204
20381205
20381211
20381212
20381218
20381219
20381225
20381226
20390101
20390102
20390108
20390109
20390115
20390116
20390122
20390123
20390129
20390130
20390205
20390206
20390212
20390213
20390219
20390220
20390221
20390222
20390226
20390227
20390305
20390306
20390312
20390313
20390319
20390320
20390326
20390327
20390402
20390403
20390408
20390409
20390410
20390416
20390417
20390421
20390423
20390424
20390430
20390501
20390507
20390508
20390514
20390515
20390521
20390522
20390528
20390529
20390604
20390605
20390609
20390611
20390612
20390618
20390619
20390625
20390626
20390702
20390703
20390709
20390710
20390716
20390717
20390723
20390724
20390730
20390731
20390806
20390807
20390813
20390814
20390820
20390821
20390827
20390828
20390903
20390904
20390907
20390910
20390911
20390917
20390918
20390924
20390925
20391001
20391002
20391008
20391009
20391012
20391015
20391016
20391022
20391023
20391029
20391030
20391102
20391105
20391106
20391112
20391113
20391115
20391119
20391120
20391126
20391127
20391203
20391204
20391210
20391211
20391217
20391218
20391224
20391225
20391231
20400101
20400107
20400108
20400114
20400115
20400121
20400122
20400128
20400129
20400204
20400205
20400211
20400212
20400213
20400214
20400218
20400219
20400225
20400226
20400303
20400304
20400310
20400311
20400317
20400318
20400324
20400325
20400330
20400331
20400401
20400407
20400408
20400414
20400415
20400421
20400422
20400428
20400429
20400501
20400505
20400506
20400512
20400513
20400519
20400520
20400526
20400527
20400531
20400602
20400603
20400609
20400610
20400616
20400617
20400623
20400624
20400630
20400701
20400707
20400708
20400714
20400715
20400721
20400722
20400728
20400729
20400804
20400805
20400811
20400812
20400818
20400819
20400825
20400826
20400901
20400902
20400907
20400908
20400909
20400915
20400916
20400922
20400923
20400929
20400930
20401006
20401007
20401012
20401013
20401014
20401020
20401021
20401027
20401028
20401102
20401103
20401104
20401110
20401111
20401115
20401117
20401118
20401124
20401125
20401201
20401202
20401208
20401209
20401215
20401216
20401222
20401223
20401225
20401229
20401230
20410101
20410105
20410106
20410112
20410113
20410119
20410120
20410126
20410127
20410202
20410203
20410209
20410210
20410216
20410217
20410223
20410224
20410302
20410303
20410304
20410305
20410309
20410310
20410316
20410317
20410323
20410324
20410330
20410331
20410406
20410407
20410413
20410414
20410419
20410420
20410421
20410427
20410428
20410501
20410504
20410505
20410511
20410512
20410518
20410519
20410525
20410526
20410601
20410602
20410608
20410609
20410615
20410616
20410620
20410622
20410623
20410629
20410630
20410706
20410707
20410713
20410714
20410720
20410721
20410727
20410728
20410803
20410804
20410810
20410811
20410817
20410818
20410824
20410825
20410831
20410901
20410907
20410908
20410914
20410915
20410921
20410922
20410928
20410929
20411005
20411006
20411012
20411013
20411019
20411020
20411026
20411027
20411102
20411103
20411109
20411110
20411115
20411116
20411117
20411123
20411124
20411130
20411201
20411207
20411208
20411214
20411215
20411221
20411222
20411225
20411228
20411229
20420101
20420104
20420105
20420111
20420112
20420118
20420119
20420125
20420126
20420201
20420202
20420208
20420209
20420215
20420216
20420217
20420218
20420222
20420223
20420301
20420302
20420308
20420309
20420315
20420316
20420322
20420323
20420329
20420330
20420404
20420405
20420406
20420412
20420413
20420419
20420420
20420421
20420426
20420427
20420501
20420503
20420504
20420510
20420511
20420517
20420518
20420524
20420525
20420531
20420601
20420605
20420607
20420608
20420614
20420615
20420621
20420622
20420628
20420629
20420705
20420706
20420712
20420713
20420719
20420720
20420726
20420727
20420802
20420803
20420809
20420810
20420816
20420817
20420823
20420824
20420830
20420831
20420906
20420907
20420913
20420914
20420920
20420921
20420927
20420928
20421004
20421005
20421011
20421012
20421018
20421019
20421025
20421026
20421101
20421102
20421108
20421109
20421115
20421116
20421122
20421123
20421129
20421130
20421206
20421207
20421213
20421214
20421220
20421221
20421225
20421227
20421228
20430101
20430103
20430104
20430110
20430111
20430117
20430118
20430124
20430125
20430131
20430201
20430207
20430208
20430209
20430210
20430214
20430215
20430221
20430222
20430228
20430301
20430307
20430308
20430314
20430315
20430321
20430322
20430327
20430328
20430329
20430404
20430405
20430411
20430412
20430418
20430419
20430421
20430425
20430426
20430501
20430502
20430503
20430509
20430510
20430516
20430517
20430523
20430524
20430528
20430530
20430531
20430606
20430607
20430613
20430614
20430620
20430621
20430627
20430628
20430704
20430705
20430711
20430712
20430718
20430719
20430725
20430726
20430801
20430802
20430808
20430809
20430815
20430816
20430822
20430823
20430829
20430830
20430905
20430906
20430907
20430912
20430913
20430919
20430920
20430926
20430927
20431003
20431004
20431010
20431011
20431012
20431017
20431018
20431024
20431025
20431031
20431101
20431102
20431107
20431108
20431114
20431115
20431121
20431122
20431128
20431129
20431205
20431206
20431212
20431213
20431219
20431220
20431225
20431226
20431227
20440101
20440102
20440103
20440109
20440110
20440116
20440117
20440123
20440124
20440130
20440131
20440206
20440207
20440213
20440214
20440220
20440221
20440227
20440228
20440229
20440301
20440305
20440306
20440312
20440313
20440319
20440320
20440326
20440327
20440402
20440403
20440409
20440410
20440415
20440416
20440417
20440421
20440423
20440424
20440430
20440501
20440507
20440508
20440514
20440515
20440521
20440522
20440528
20440529
20440604
20440605
20440611
20440612
20440616
20440618
20440619
20440625
20440626
20440702
20440703
20440709
20440710
20440716
20440717
20440723
20440724
20440730
20440731
20440806
20440807
20440813
20440814
20440820
20440821
20440827
20440828
20440903
20440904
20440907
20440910
20440911
20440917
20440918
20440924
20440925
20441001
20441002
20441008
20441009
20441012
20441015
20441016
20441022
20441023
20441029
20441030
20441102
20441105
20441106
20441112
20441113
20441115
20441119
20441120
20441126
20441127
20441203
20441204
20441210
20441211
20441217
20441218
20441224
20441225
20441231
20450101
20450107
20450108
20450114
20450115
20450121
20450122
20450128
20450129
20450204
20450205
20450211
20450212
20450218
20450219
20450220
20450221
20450225
20450226
20450304
20450305
20450311
20450312
20450318
20450319
20450325
20450326
20450401
20450402
20450407
20450408
20450409
20450415
20450416
20450421
20450422
20450423
20450429
20450430
20450501
20450506
20450507
20450513
20450514
20450520
20450521
20450527
20450528
20450603
20450604
20450608
20450610
20450611
20450617
20450618
20450624
20450625
20450701
20450702
20450708
20450709
20450715
20450716
20450722
20450723
20450729
20450730
20450805
20450806
20450812
20450813
20450819
20450820
20450826
20450827
20450902
20450903
20450907
20450909
20450910
20450916
20450917
20450923
20450924
20450930
20451001
20451007
20451008
20451012
20451014
20451015
20451021
20451022
20451028
20451029
20451102
20451104
20451105
20451111
20451112
20451115
20451118
20451119
20451125
20451126
20451202
20451203
20451209
20451210
20451216
20451217
20451223
20451224
20451225
20451230
20451231
20460101
20460106
20460107
20460113
20460114
20460120
20460121
20460127
20460128
20460203
20460204
20460205
20460206
20460210
20460211
20460217
20460218
20460224
20460225
20460303
20460304
20460310
20460311
20460317
20460318
20460323
20460324
20460325
20460331
20460401
20460407
20460408
20460414
20460415
20460421
20460422
20460428
20460429
20460501
20460505
20460506
20460512
20460513
20460519
20460520
20460524
20460526
20460527
20460602
20460603
20460609
20460610
20460616
20460617
20460623
20460624
20460630
20460701
20460707
20460708
20460714
20460715
20460721
20460722
20460728
20460729
20460804
20460805
20460811
20460812
20460818
20460819
20460825
20460826
20460901
20460902
20460907
20460908
20460909
20460915
20460916
20460922
20460923
20460929
20460930
20461006
20461007
20461012
20461013
20461014
20461020
20461021
20461027
20461028
20461102
20461103
20461104
20461110
20461111
20461115
20461117
20461118
20461124
20461125
20461201
20461202
20461208
20461209
20461215
20461216
20461222
20461223
20461225
20461229
20461230
20470101
20470105
20470106
20470112
20470113
20470119
20470120
20470126
20470127
20470202
20470203
20470209
20470210
20470216
20470217
20470223
20470224
20470225
20470226
20470302
20470303
20470309
20470310
20470316
20470317
20470323
20470324
20470330
20470331
20470406
20470407
20470412
20470413
20470414
20470420
20470421
20470427
20470428
20470501
20470504
20470505
20470511
20470512
20470518
20470519
20470525
20470526
20470601
20470602
20470608
20470609
20470613
20470615
20470616
20470622
20470623
20470629
20470630
20470706
20470707
20470713
20470714
20470720
20470721
20470727
20470728
20470803
20470804
20470810
20470811
20470817
20470818
20470824
20470825
20470831
20470901
20470907
20470908
20470914
20470915
20470921
20470922
20470928
20470929
20471005
20471006
20471012
20471013
20471019
20471020
20471026
20471027
20471102
20471103
20471109
20471110
20471115
20471116
20471117
20471123
20471124
20471130
20471201
20471207
20471208
20471214
20471215
20471221
20471222
20471225
20471228
20471229
20480101
20480104
20480105
20480111
20480112
20480118
20480119
20480125
20480126
20480201
20480202
20480208
20480209
20480215
20480216
20480217
20480218
20480222
20480223
20480229
20480301
20480307
20480308
20480314
20480315
20480321
20480322
20480328
20480329
20480403
20480404
20480405
20480411
20480412
20480418
20480419
20480421
20480425
20480426
20480501
20480502
20480503
20480509
20480510
20480516
20480517
20480523
20480524
20480530
20480531
20480604
20480606
20480607
20480613
20480614
20480620
20480621
20480627
20480628
20480704
20480705
20480711
20480712
20480718
20480719
20480725
20480726
20480801
20480802
20480808
20480809
20480815
20480816
20480822
20480823
20480829
20480830
20480905
20480906
20480907
20480912
20480913
20480919
20480920
20480926
20480927
20481003
20481004
20481010
20481011
20481012
20481017
20481018
20481024
20481025
20481031
20481101
20481102
20481107
20481108
20481114
20481115
20481121
20481122
20481128
20481129
20481205
20481206
20481212
20481213
20481219
20481220
20481225
20481226
20481227
20490101
20490102
20490103
20490109
20490110
20490116
20490117
20490123
20490124
20490130
20490131
20490206
20490207
20490213
20490214
20490220
20490221
20490227
20490228
20490306
20490307
20490308
20490309
20490313
20490314
20490320
20490321
20490327
20490328
20490403
20490404
20490410
20490411
20490417
20490418
20490421
20490423
20490424
20490425
20490501
20490502
20490508
20490509
20490515
20490516
20490522
20490523
20490529
20490530
20490605
20490606
20490612
20490613
20490619
20490620
20490624
20490626
20490627
20490703
20490704
20490710
20490711
20490717
20490718
20490724
20490725
20490731
20490801
20490807
20490808
20490814
20490815
20490821
20490822
20490828
20490829
20490904
20490905
20490907
20490911
20490912
20490918
20490919
20490925
20490926
20491002
20491003
20491009
20491010
20491012
20491016
20491017
20491023
20491024
20491030
20491031
20491102
20491106
20491107
20491113
20491114
20491115
20491120
20491121
20491127
20491128
20491204
20491205
20491211
20491212
20491218
20491219
20491225
20491226
20500101
20500102
20500108
20500109
20500115
20500116
20500122
20500123
20500129
20500130
20500205
20500206
20500212
20500213
20500219
20500220
20500221
20500222
20500226
20500227
20500305
20500306
20500312
20500313
20500319
20500320
20500326
20500327
20500402
20500403
20500408
20500409
20500410
20500416
20500417
20500421
20500423
20500424
20500430
20500501
20500507
20500508
20500514
20500515
20500521
20500522
20500528
20500529
20500604
20500605
20500609
20500611
20500612
20500618
20500619
20500625
20500626
20500702
20500703
20500709
20500710
20500716
20500717
20500723
20500724
20500730
20500731
20500806
20500807
20500813
20500814
20500820
20500821
20500827
20500828
20500903
20500904
20500907
20500910
20500911
20500917
20500918
20500924
20500925
20501001
20501002
20501008
20501009
20501012
20501015
20501016
20501022
20501023
20501029
20501030
20501102
20501105
20501106
20501112
20501113
20501115
20501119
20501120
20501126
20501127
20501203
20501204
20501210
20501211
20501217
20501218
20501224
20501225
20501231
20510101
20510107
20510108
20510114
20510115
20510121
20510122
20510128
20510129
20510204
20510205
20510211
20510212
20510218
20510219
20510225
20510226
20510304
20510305
20510311
20510312
20510318
20510319
20510325
20510326
20510401
20510402
20510408
20510409
20510415
20510416
20510422
20510423
20510429
20510430
20510506
20510507
20510513
20510514
20510520
20510521
20510527
20510528
20510603
20510604
20510610
20510611
20510617
20510618
20510624
20510625
20510701
20510702
20510708
20510709
20510715
20510716
20510722
20510723
20510729
20510730
20510805
20510806
20510812
20510813
20510819
20510820
20510826
20510827
20510902
20510903
20510909
20510910
20510916
20510917
20510923
20510924
20510930
20511001
20511007
20511008
20511014
20511015
20511021
20511022
20511028
20511029
20511104
20511105
20511111
20511112
20511118
20511119
20511125
20511126
20511202
20511203
20511209
20511210
20511216
20511217
20511223
20511224
20511230
20511231
20520106
20520107
20520113
20520114
20520120
20520121
20520127
20520128
20520203
20520204
20520210
20520211
20520217
20520218
20520224
20520225
20520302
20520303
20520309
20520310
20520316
20520317
20520323
20520324
20520330
20520331
20520406
20520407
20520413
20520414
20520420
20520421
20520427
20520428
20520504
20520505
20520511
20520512
20520518
20520519
20520525
20520526
20520601
20520602
20520608
20520609
20520615
20520616
20520622
20520623
20520629
20520630
20520706
20520707
20520713
20520714
20520720
20520721
20520727
20520728
20520803
20520804
20520810
20520811
20520817
20520818
20520824
20520825
20520831
20520901
20520907
20520908
20520914
20520915
20520921
20520922
20520928
20520929
20521005
20521006
20521012
20521013
20521019
20521020
20521026
20521027
20521102
20521103
20521109
20521110
20521116
20521117
20521123
20521124
20521130
20521201
20521207
20521208
20521214
20521215
20521221
20521222
20521228
20521229
20530104
20530105
20530111
20530112
20530118
20530119
20530125
20530126
20530201
20530202
20530208
20530209
20530215
20530216
20530222
20530223
20530301
20530302
20530308
20530309
20530315
20530316
20530322
20530323
20530329
20530330
20530405
20530406
20530412
20530413
20530419
20530420
20530426
20530427
20530503
20530504
20530510
20530511
20530517
20530518
20530524
20530525
20530531
20530601
20530607
20530608
20530614
20530615
20530621
20530622
20530628
20530629
20530705
20530706
20530712
20530713
20530719
20530720
20530726
20530727
20530802
20530803
20530809
20530810
20530816
20530817
20530823
20530824
20530830
20530831
20530906
20530907
20530913
20530914
20530920
20530921
20530927
20530928
20531004
20531005
20531011
20531012
20531018
20531019
20531025
20531026
20531101
20531102
20531108
20531109
20531115
20531116
20531122
20531123
20531129
20531130
20531206
20531207
20531213
20531214
20531220
20531221
20531227
20531228
20540103
20540104
20540110
20540111
20540117
20540118
20540124
20540125
20540131
20540201
20540207
20540208
20540214
20540215
20540221
20540222
20540228
20540301
20540307
20540308
20540314
20540315
20540321
20540322
20540328
20540329
20540404
20540405
20540411
20540412
20540418
20540419
20540425
20540426
20540502
20540503
20540509
20540510
20540516
20540517
20540523
20540524
20540530
20540531
20540606
20540607
20540613
20540614
20540620
20540621
20540627
20540628
20540704
20540705
20540711
20540712
20540718
20540719
20540725
20540726
20540801
20540802
20540808
20540809
20540815
20540816
20540822
20540823
20540829
20540830
20540905
20540906
20540912
20540913
20540919
20540920
20540926
20540927
20541003
20541004
20541010
20541011
20541017
20541018
20541024
20541025
20541031
20541101
20541107
20541108
20541114
20541115
20541121
20541122
20541128
20541129
20541205
20541206
20541212
20541213
20541219
20541220
20541226
20541227
20550102
20550103
20550109
20550110
20550116
20550117
20550123
20550124
20550130
20550131
20550206
20550207
20550213
20550214
20550220
20550221
20550227
20550228
20550306
20550307
20550313
20550314
20550320
20550321
20550327
20550328
20550403
20550404
20550410
20550411
20550417
20550418
20550424
20550425
20550501
20550502
20550508
20550509
20550515
20550516
20550522
20550523
20550529
20550530
20550605
20550606
20550612
20550613
20550619
20550620
20550626
20550627
20550703
20550704
20550710
20550711
20550717
20550718
20550724
20550725
20550731
20550801
20550807
20550808
20550814
20550815
20550821
20550822
20550828
20550829
20550904
20550905
20550911
20550912
20550918
20550919
20550925
20550926
20551002
20551003
20551009
20551010
20551016
20551017
20551023
20551024
20551030
20551031
20551106
20551107
20551113
20551114
20551120
20551121
20551127
20551128
20551204
20551205
20551211
20551212
20551218
20551219
20551225
20551226
20560101
20560102
20560108
20560109
20560115
20560116
20560122
20560123
20560129
20560130
20560205
20560206
20560212
20560213
20560219
20560220
20560226
20560227
20560304
20560305
20560311
20560312
20560318
20560319
20560325
20560326
20560401
20560402
20560408
20560409
20560415
20560416
20560422
20560423
20560429
20560430
20560506
20560507
20560513
20560514
20560520
20560521
20560527
20560528
20560603
20560604
20560610
20560611
20560617
20560618
20560624
20560625
20560701
20560702
20560708
20560709
20560715
20560716
20560722
20560723
20560729
20560730
20560805
20560806
20560812
20560813
20560819
20560820
20560826
20560827
20560902
20560903
20560909
20560910
20560916
20560917
20560923
20560924
20560930
20561001
20561007
20561008
20561014
20561015
20561021
20561022
20561028
20561029
20561104
20561105
20561111
20561112
20561118
20561119
20561125
20561126
20561202
20561203
20561209
20561210
20561216
20561217
20561223
20561224
20561230
20561231
20570106
20570107
20570113
20570114
20570120
20570121
20570127
20570128
20570203
20570204
20570210
20570211
20570217
20570218
20570224
20570225
20570303
20570304
20570310
20570311
20570317
20570318
20570324
20570325
20570331
20570401
20570407
20570408
20570414
20570415
20570421
20570422
20570428
20570429
20570505
20570506
20570512
20570513
20570519
20570520
20570526
20570527
20570602
20570603
20570609
20570610
20570616
20570617
20570623
20570624
20570630
20570701
20570707
20570708
20570714
20570715
20570721
20570722
20570728
20570729
20570804
20570805
20570811
20570812
20570818
20570819
20570825
20570826
20570901
20570902
20570908
20570909
20570915
20570916
20570922
20570923
20570929
20570930
20571006
20571007
20571013
20571014
20571020
20571021
20571027
20571028
20571103
20571104
20571110
20571111
20571117
20571118
20571124
20571125
20571201
20571202
20571208
20571209
20571215
20571216
20571222
20571223
20571229
20571230
20580105
20580106
20580112
20580113
20580119
20580120
20580126
20580127
20580202
20580203
20580209
20580210
20580216
20580217
20580223
20580224
20580302
20580303
20580309
20580310
20580316
20580317
20580323
20580324
20580330
20580331
20580406
20580407
20580413
20580414
20580420
20580421
20580427
20580428
20580504
20580505
20580511
20580512
20580518
20580519
20580525
20580526
20580601
20580602
20580608
20580609
20580615
20580616
20580622
20580623
20580629
20580630
20580706
20580707
20580713
20580714
20580720
20580721
20580727
20580728
20580803
20580804
20580810
20580811
20580817
20580818
20580824
20580825
20580831
20580901
20580907
20580908
20580914
20580915
20580921
20580922
20580928
20580929
20581005
20581006
20581012
20581013
20581019
20581020
20581026
20581027
20581102
20581103
20581109
20581110
20581116
20581117
20581123
20581124
20581130
20581201
20581207
20581208
20581214
20581215
20581221
20581222
20581228
20581229
20590104
20590105
20590111
20590112
20590118
20590119
20590125
20590126
20590201
20590202
20590208
20590209
20590215
20590216
20590222
20590223
20590301
20590302
20590308
20590309
20590315
20590316
20590322
20590323
20590329
20590330
20590405
20590406
20590412
20590413
20590419
20590420
20590426
20590427
20590503
20590504
20590510
20590511
20590517
20590518
20590524
20590525
20590531
20590601
20590607
20590608
20590614
20590615
20590621
20590622
20590628
20590629
20590705
20590706
20590712
20590713
20590719
20590720
20590726
20590727
20590802
20590803
20590809
20590810
20590816
20590817
20590823
20590824
20590830
20590831
20590906
20590907
20590913
20590914
20590920
20590921
20590927
20590928
20591004
20591005
20591011
20591012
20591018
20591019
20591025
20591026
20591101
20591102
20591108
20591109
20591115
20591116
20591122
20591123
20591129
20591130
20591206
20591207
20591213
20591214
20591220
20591221
20591227
20591228
20600103
20600104
20600110
20600111
20600117
20600118
20600124
20600125
20600131
20600201
20600207
20600208
20600214
20600215
20600221
20600222
20600228
20600229
20600306
20600307
20600313
20600314
20600320
20600321
20600327
20600328
20600403
20600404
20600410
20600411
20600417
20600418
20600424
20600425
20600501
20600502
20600508
20600509
20600515
20600516
20600522
20600523
20600529
20600530
20600605
20600606
20600612
20600613
20600619
20600620
20600626
20600627
20600703
20600704
20600710
20600711
20600717
20600718
20600724
20600725
20600731
20600801
20600807
20600808
20600814
20600815
20600821
20600822
20600828
20600829
20600904
20600905
20600911
20600912
20600918
20600919
20600925
20600926
20601002
20601003
20601009
20601010
20601016
20601017
20601023
20601024
20601030
20601031
20601106
20601107
20601113
20601114
20601120
20601121
20601127
20601128
20601204
20601205
20601211
20601212
20601218
20601219
20601225
20601226
20610101
20610102
20610108
20610109
20610115
20610116
20610122
20610123
20610129
20610130
20610205
20610206
20610212
20610213
20610219
20610220
20610226
20610227
20610305
20610306
20610312
20610313
20610319
20610320
20610326
20610327
20610402
20610403
20610409
20610410
20610416
20610417
20610423
20610424
20610430
20610501
20610507
20610508
20610514
20610515
20610521
20610522
20610528
20610529
20610604
20610605
20610611
20610612
20610618
20610619
20610625
20610626
20610702
20610703
20610709
20610710
20610716
20610717
20610723
20610724
20610730
20610731
20610806
20610807
20610813
20610814
20610820
20610821
20610827
20610828
20610903
20610904
20610910
20610911
20610917
20610918
20610924
20610925
20611001
20611002
20611008
20611009
20611015
20611016
20611022
20611023
20611029
20611030
20611105
20611106
20611112
20611113
20611119
20611120
20611126
20611127
20611203
20611204
20611210
20611211
20611217
20611218
20611224
20611225
20611231
20620101
20620107
20620108
20620114
20620115
20620121
20620122
20620128
20620129
20620204
20620205
20620211
20620212
20620218
20620219
20620225
20620226
20620304
20620305
20620311
20620312
20620318
20620319
20620325
20620326
20620401
20620402
20620408
20620409
20620415
20620416
20620422
20620423
20620429
20620430
20620506
20620507
20620513
20620514
20620520
20620521
20620527
20620528
20620603
20620604
20620610
20620611
20620617
20620618
20620624
20620625
20620701
20620702
20620708
20620709
20620715
20620716
20620722
20620723
20620729
20620730
20620805
20620806
20620812
20620813
20620819
20620820
20620826
20620827
20620902
20620903
20620909
20620910
20620916
20620917
20620923
20620924
20620930
20621001
20621007
20621008
20621014
20621015
20621021
20621022
20621028
20621029
20621104
20621105
20621111
20621112
20621118
20621119
20621125
20621126
20621202
20621203
20621209
20621210
20621216
20621217
20621223
20621224
20621230
20621231
20630106
20630107
20630113
20630114
20630120
20630121
20630127
20630128
20630203
20630204
20630210
20630211
20630217
20630218
20630224
20630225
20630303
20630304
20630310
20630311
20630317
20630318
20630324
20630325
20630331
20630401
20630407
20630408
20630414
20630415
20630421
20630422
20630428
20630429
20630505
20630506
20630512
20630513
20630519
20630520
20630526
20630527
20630602
20630603
20630609
20630610
20630616
20630617
20630623
20630624
20630630
20630701
20630707
20630708
20630714
20630715
20630721
20630722
20630728
20630729
20630804
20630805
20630811
20630812
20630818
20630819
20630825
20630826
20630901
20630902
20630908
20630909
20630915
20630916
20630922
20630923
20630929
20630930
20631006
20631007
20631013
20631014
20631020
20631021
20631027
20631028
20631103
20631104
20631110
20631111
20631117
20631118
20631124
20631125
20631201
20631202
20631208
20631209
20631215
20631216
20631222
20631223
20631229
20631230
20640105
20640106
20640112
20640113
20640119
20640120
20640126
20640127
20640202
20640203
20640209
20640210
20640216
20640217
20640223
20640224
20640301
20640302
20640308
20640309
20640315
20640316
20640322
20640323
20640329
20640330
20640405
20640406
20640412
20640413
20640419
20640420
20640426
20640427
20640503
20640504
20640510
20640511
20640517
20640518
20640524
20640525
20640531
20640601
20640607
20640608
20640614
20640615
20640621
20640622
20640628
20640629
20640705
20640706
20640712
20640713
20640719
20640720
20640726
20640727
20640802
20640803
20640809
20640810
20640816
20640817
20640823
20640824
20640830
20640831
20640906
20640907
20640913
20640914
20640920
20640921
20640927
20640928
20641004
20641005
20641011
20641012
20641018
20641019
20641025
20641026
20641101
20641102
20641108
20641109
20641115
20641116
20641122
20641123
20641129
20641130
20641206
20641207
20641213
20641214
20641220
20641221
20641227
20641228
20650103
20650104
20650110
20650111
20650117
20650118
20650124
20650125
20650131
20650201
20650207
20650208
20650214
20650215
20650221
20650222
20650228
20650301
20650307
20650308
20650314
20650315
20650321
20650322
20650328
20650329
20650404
20650405
20650411
20650412
20650418
20650419
20650425
20650426
20650502
20650503
20650509
20650510
20650516
20650517
20650523
20650524
20650530
20650531
20650606
20650607
20650613
20650614
20650620
20650621
20650627
20650628
20650704
20650705
20650711
20650712
20650718
20650719
20650725
20650726
20650801
20650802
20650808
20650809
20650815
20650816
20650822
20650823
20650829
20650830
20650905
20650906
20650912
20650913
20650919
20650920
20650926
20650927
20651003
20651004
20651010
20651011
20651017
20651018
20651024
20651025
20651031
20651101
20651107
20651108
20651114
20651115
20651121
20651122
20651128
20651129
20651205
20651206
20651212
20651213
20651219
20651220
20651226
20651227
20660102
20660103
20660109
20660110
20660116
20660117
20660123
20660124
20660130
20660131
20660206
20660207
20660213
20660214
20660220
20660221
20660227
20660228
20660306
20660307
20660313
20660314
20660320
20660321
20660327
20660328
20660403
20660404
20660410
20660411
20660417
20660418
20660424
20660425
20660501
20660502
20660508
20660509
20660515
20660516
20660522
20660523
20660529
20660530
20660605
20660606
20660612
20660613
20660619
20660620
20660626
20660627
20660703
20660704
20660710
20660711
20660717
20660718
20660724
20660725
20660731
20660801
20660807
20660808
20660814
20660815
20660821
20660822
20660828
20660829
20660904
20660905
20660911
20660912
20660918
20660919
20660925
20660926
20661002
20661003
20661009
20661010
20661016
20661017
20661023
20661024
20661030
20661031
20661106
20661107
20661113
20661114
20661120
20661121
20661127
20661128
20661204
20661205
20661211
20661212
20661218
20661219
20661225
20661226
20670101
20670102
20670108
20670109
20670115
20670116
20670122
20670123
20670129
20670130
20670205
20670206
20670212
20670213
20670219
20670220
20670226
20670227
20670305
20670306
20670312
20670313
20670319
20670320
20670326
20670327
20670402
20670403
20670409
20670410
20670416
20670417
20670423
20670424
20670430
20670501
20670507
20670508
20670514
20670515
20670521
20670522
20670528
20670529
20670604
20670605
20670611
20670612
20670618
20670619
20670625
20670626
20670702
20670703
20670709
20670710
20670716
20670717
20670723
20670724
20670730
20670731
20670806
20670807
20670813
20670814
20670820
20670821
20670827
20670828
20670903
20670904
20670910
20670911
20670917
20670918
20670924
20670925
20671001
20671002
20671008
20671009
20671015
20671016
20671022
20671023
20671029
20671030
20671105
20671106
20671112
20671113
20671119
20671120
20671126
20671127
20671203
20671204
20671210
20671211
20671217
20671218
20671224
20671225
20671231
20680101
20680107
20680108
20680114
20680115
20680121
20680122
20680128
20680129
20680204
20680205
20680211
20680212
20680218
20680219
20680225
20680226
20680303
20680304
20680310
20680311
20680317
20680318
20680324
20680325
20680331
20680401
20680407
20680408
20680414
20680415
20680421
20680422
20680428
20680429
20680505
20680506
20680512
20680513
20680519
20680520
20680526
20680527
20680602
20680603
20680609
20680610
20680616
20680617
20680623
20680624
20680630
20680701
20680707
20680708
20680714
20680715
20680721
20680722
20680728
20680729
20680804
20680805
20680811
20680812
20680818
20680819
20680825
20680826
20680901
20680902
20680908
20680909
20680915
20680916
20680922
20680923
20680929
20680930
20681006
20681007
20681013
20681014
20681020
20681021
20681027
20681028
20681103
20681104
20681110
20681111
20681117
20681118
20681124
20681125
20681201
20681202
20681208
20681209
20681215
20681216
20681222
20681223
20681229
20681230
20690105
20690106
20690112
20690113
20690119
20690120
20690126
20690127
20690202
20690203
20690209
20690210
20690216
20690217
20690223
20690224
20690302
20690303
20690309
20690310
20690316
20690317
20690323
20690324
20690330
20690331
20690406
20690407
20690413
20690414
20690420
20690421
20690427
20690428
20690504
20690505
20690511
20690512
20690518
20690519
20690525
20690526
20690601
20690602
20690608
20690609
20690615
20690616
20690622
20690623
20690629
20690630
20690706
20690707
20690713
20690714
20690720
20690721
20690727
20690728
20690803
20690804
20690810
20690811
20690817
20690818
20690824
20690825
20690831
20690901
20690907
20690908
20690914
20690915
20690921
20690922
20690928
20690929
20691005
20691006
20691012
20691013
20691019
20691020
20691026
20691027
20691102
20691103
20691109
20691110
20691116
20691117
20691123
20691124
20691130
20691201
20691207
20691208
20691214
20691215
20691221
20691222
20691228
20691229
20700104
20700105
20700111
20700112
20700118
20700119
20700125
20700126
20700201
20700202
20700208
20700209
20700215
20700216
20700222
20700223
20700301
20700302
20700308
20700309
20700315
20700316
20700322
20700323
20700329
20700330
20700405
20700406
20700412
20700413
20700419
20700420
20700426
20700427
20700503
20700504
20700510
20700511
20700517
20700518
20700524
20700525
20700531
20700601
20700607
20700608
20700614
20700615
20700621
20700622
20700628
20700629
20700705
20700706
20700712
20700713
20700719
20700720
20700726
20700727
20700802
20700803
20700809
20700810
20700816
20700817
20700823
20700824
20700830
20700831
20700906
20700907
20700913
20700914
20700920
20700921
20700927
20700928
20701004
20701005
20701011
20701012
20701018
20701019
20701025
20701026
20701101
20701102
20701108
20701109
20701115
20701116
20701122
20701123
20701129
20701130
20701206
20701207
20701213
20701214
20701220
20701221
20701227
20701228
20710103
20710104
20710110
20710111
20710117
20710118
20710124
20710125
20710131
20710201
20710207
20710208
20710214
20710215
20710221
20710222
20710228
20710301
20710307
20710308
20710314
20710315
20710321
20710322
20710328
20710329
20710404
20710405
20710411
20710412
20710418
20710419
20710425
20710426
20710502
20710503
20710509
20710510
20710516
20710517
20710523
20710524
20710530
20710531
20710606
20710607
20710613
20710614
20710620
20710621
20710627
20710628
20710704
20710705
20710711
20710712
20710718
20710719
20710725
20710726
20710801
20710802
20710808
20710809
20710815
20710816
20710822
20710823
20710829
20710830
20710905
20710906
20710912
20710913
20710919
20710920
20710926
20710927
20711003
20711004
20711010
20711011
20711017
20711018
20711024
20711025
20711031
20711101
20711107
20711108
20711114
20711115
20711121
20711122
20711128
20711129
20711205
20711206
20711212
20711213
20711219
20711220
20711226
20711227
20720102
20720103
20720109
20720110
20720116
20720117
20720123
20720124
20720130
20720131
20720206
20720207
20720213
20720214
20720220
20720221
20720227
20720228
20720305
20720306
20720312
20720313
20720319
20720320
20720326
20720327
20720402
20720403
20720409
20720410
20720416
20720417
20720423
20720424
20720430
20720501
20720507
20720508
20720514
20720515
20720521
20720522
20720528
20720529
20720604
20720605
20720611
20720612
20720618
20720619
20720625
20720626
20720702
20720703
20720709
20720710
20720716
20720717
20720723
20720724
20720730
20720731
20720806
20720807
20720813
20720814
20720820
20720821
20720827
20720828
20720903
20720904
20720910
20720911
20720917
20720918
20720924
20720925
20721001
20721002
20721008
20721009
20721015
20721016
20721022
20721023
20721029
20721030
20721105
20721106
20721112
20721113
20721119
20721120
20721126
20721127
20721203
20721204
20721210
20721211
20721217
20721218
20721224
20721225
20721231
20730101
20730107
20730108
20730114
20730115
20730121
20730122
20730128
20730129
20730204
20730205
20730211
20730212
20730218
20730219
20730225
20730226
20730304
20730305
20730311
20730312
20730318
20730319
20730325
20730326
20730401
20730402
20730408
20730409
20730415
20730416
20730422
20730423
20730429
20730430
20730506
20730507
20730513
20730514
20730520
20730521
20730527
20730528
20730603
20730604
20730610
20730611
20730617
20730618
20730624
20730625
20730701
20730702
20730708
20730709
20730715
20730716
20730722
20730723
20730729
20730730
20730805
20730806
20730812
20730813
20730819
20730820
20730826
20730827
20730902
20730903
20730909
20730910
20730916
20730917
20730923
20730924
20730930
20731001
20731007
20731008
20731014
20731015
20731021
20731022
20731028
20731029
20731104
20731105
20731111
20731112
20731118
20731119
20731125
20731126
20731202
20731203
20731209
20731210
20731216
20731217
20731223
20731224
20731230
20731231
20740106
20740107
20740113
20740114
20740120
20740121
20740127
20740128
20740203
20740204
20740210
20740211
20740217
20740218
20740224
20740225
20740303
20740304
20740310
20740311
20740317
20740318
20740324
20740325
20740331
20740401
20740407
20740408
20740414
20740415
20740421
20740422
20740428
20740429
20740505
20740506
20740512
20740513
20740519
20740520
20740526
20740527
20740602
20740603
20740609
20740610
20740616
20740617
20740623
20740624
20740630
20740701
20740707
20740708
20740714
20740715
20740721
20740722
20740728
20740729
20740804
20740805
20740811
20740812
20740818
20740819
20740825
20740826
20740901
20740902
20740908
20740909
20740915
20740916
20740922
20740923
20740929
20740930
20741006
20741007
20741013
20741014
20741020
20741021
20741027
20741028
20741103
20741104
20741110
20741111
20741117
20741118
20741124
20741125
20741201
20741202
20741208
20741209
20741215
20741216
20741222
20741223
20741229
20741230
20750105
20750106
20750112
20750113
20750119
20750120
20750126
20750127
20750202
20750203
20750209
20750210
20750216
20750217
20750223
20750224
20750302
20750303
20750309
20750310
20750316
20750317
20750323
20750324
20750330
20750331
20750406
20750407
20750413
20750414
20750420
20750421
20750427
20750428
20750504
20750505
20750511
20750512
20750518
20750519
20750525
20750526
20750601
20750602
20750608
20750609
20750615
20750616
20750622
20750623
20750629
20750630
20750706
20750707
20750713
20750714
20750720
20750721
20750727
20750728
20750803
20750804
20750810
20750811
20750817
20750818
20750824
20750825
20750831
20750901
20750907
20750908
20750914
20750915
20750921
20750922
20750928
20750929
20751005
20751006
20751012
20751013
20751019
20751020
20751026
20751027
20751102
20751103
20751109
20751110
20751116
20751117
20751123
20751124
20751130
20751201
20751207
20751208
20751214
20751215
20751221
20751222
20751228
20751229
20760104
20760105
20760111
20760112
20760118
20760119
20760125
20760126
20760201
20760202
20760208
20760209
20760215
20760216
20760222
20760223
20760229
20760301
20760307
20760308
20760314
20760315
20760321
20760322
20760328
20760329
20760404
20760405
20760411
20760412
20760418
20760419
20760425
20760426
20760502
20760503
20760509
20760510
20760516
20760517
20760523
20760524
20760530
20760531
20760606
20760607
20760613
20760614
20760620
20760621
20760627
20760628
20760704
20760705
20760711
20760712
20760718
20760719
20760725
20760726
20760801
20760802
20760808
20760809
20760815
20760816
20760822
20760823
20760829
20760830
20760905
20760906
20760912
20760913
20760919
20760920
20760926
20760927
20761003
20761004
20761010
20761011
20761017
20761018
20761024
20761025
20761031
20761101
20761107
20761108
20761114
20761115
20761121
20761122
20761128
20761129
20761205
20761206
20761212
20761213
20761219
20761220
20761226
20761227
20770102
20770103
20770109
20770110
20770116
20770117
20770123
20770124
20770130
20770131
20770206
20770207
20770213
20770214
20770220
20770221
20770227
20770228
20770306
20770307
20770313
20770314
20770320
20770321
20770327
20770328
20770403
20770404
20770410
20770411
20770417
20770418
20770424
20770425
20770501
20770502
20770508
20770509
20770515
20770516
20770522
20770523
20770529
20770530
20770605
20770606
20770612
20770613
20770619
20770620
20770626
20770627
20770703
20770704
20770710
20770711
20770717
20770718
20770724
20770725
20770731
20770801
20770807
20770808
20770814
20770815
20770821
20770822
20770828
20770829
20770904
20770905
20770911
20770912
20770918
20770919
20770925
20770926
20771002
20771003
20771009
20771010
20771016
20771017
20771023
20771024
20771030
20771031
20771106
20771107
20771113
20771114
20771120
20771121
20771127
20771128
20771204
20771205
20771211
20771212
20771218
20771219
20771225
20771226
20780101
20780102
20780108
20780109
20780115
20780116
20780122
20780123
20780129
20780130
20780205
20780206
20780212
20780213
20780219
20780220
20780226
20780227
20780305
20780306
20780312
20780313
20780319
20780320
20780326
20780327
20780402
20780403
20780409
20780410
20780416
20780417
20780423
20780424
20780430
20780501
20780507
20780508
20780514
20780515
20780521
20780522
20780528
20780529
20780604
20780605
20780611
20780612
20780618
20780619
20780625
20780626
20780702
20780703
20780709
20780710
20780716
20780717
20780723
20780724
20780730
20780731
20780806
20780807
20780813
20780814
20780820
20780821
20780827
20780828
20780903
20780904
20780910
20780911
20780917
20780918
20780924
20780925
20781001
20781002
20781008
20781009
20781015
20781016
20781022
20781023
20781029
20781030
20781105
20781106
20781112
20781113
20781119
20781120
20781126
20781127
20781203
20781204
20781210
20781211
20781217
20781218
20781224
20781225
20781231
20790101
20790107
20790108
20790114
20790115
20790121
20790122
20790128
20790129
20790204
20790205
20790211
20790212
20790218
20790219
20790225
20790226
20790304
20790305
20790311
20790312
20790318
20790319
20790325
20790326
20790401
20790402
20790408
20790409
20790415
20790416
20790422
20790423
20790429
20790430
20790506
20790507
20790513
20790514
20790520
20790521
20790527
20790528
20790603
20790604
20790610
20790611
20790617
20790618
20790624
20790625
20790701
20790702
20790708
20790709
20790715
20790716
20790722
20790723
20790729
20790730
20790805
20790806
20790812
20790813
20790819
20790820
20790826
20790827
20790902
20790903
20790909
20790910
20790916
20790917
20790923
20790924
20790930
20791001
20791007
20791008
20791014
20791015
20791021
20791022
20791028
20791029
20791104
20791105
20791111
20791112
20791118
20791119
20791125
20791126
20791202
20791203
20791209
20791210
20791216
20791217
20791223
20791224
20791230
20791231
20800106
20800107
20800113
20800114
20800120
20800121
20800127
20800128
20800203
20800204
20800210
20800211
20800217
20800218
20800224
20800225
20800302
20800303
20800309
20800310
20800316
20800317
20800323
20800324
20800330
20800331
20800406
20800407
20800413
20800414
20800420
20800421
20800427
20800428
20800504
20800505
20800511
20800512
20800518
20800519
20800525
20800526
20800601
20800602
20800608
20800609
20800615
20800616
20800622
20800623
20800629
20800630
20800706
20800707
20800713
20800714
20800720
20800721
20800727
20800728
20800803
20800804
20800810
20800811
20800817
20800818
20800824
20800825
20800831
20800901
20800907
20800908
20800914
20800915
20800921
20800922
20800928
20800929
20801005
20801006
20801012
20801013
20801019
20801020
20801026
20801027
20801102
20801103
20801109
20801110
20801116
20801117
20801123
20801124
20801130
20801201
20801207
20801208
20801214
20801215
20801221
20801222
20801228
20801229
20810104
20810105
20810111
20810112
20810118
20810119
20810125
20810126
20810201
20810202
20810208
20810209
20810215
20810216
20810222
20810223
20810301
20810302
20810308
20810309
20810315
20810316
20810322
20810323
20810329
20810330
20810405
20810406
20810412
20810413
20810419
20810420
20810426
20810427
20810503
20810504
20810510
20810511
20810517
20810518
20810524
20810525
20810531
20810601
20810607
20810608
20810614
20810615
20810621
20810622
20810628
20810629
20810705
20810706
20810712
20810713
20810719
20810720
20810726
20810727
20810802
20810803
20810809
20810810
20810816
20810817
20810823
20810824
20810830
20810831
20810906
20810907
20810913
20810914
20810920
20810921
20810927
20810928
20811004
20811005
20811011
20811012
20811018
20811019
20811025
20811026
20811101
20811102
20811108
20811109
20811115
20811116
20811122
20811123
20811129
20811130
20811206
20811207
20811213
20811214
20811220
20811221
20811227
20811228
20820103
20820104
20820110
20820111
20820117
20820118
20820124
20820125
20820131
20820201
20820207
20820208
20820214
20820215
20820221
20820222
20820228
20820301
20820307
20820308
20820314
20820315
20820321
20820322
20820328
20820329
20820404
20820405
20820411
20820412
20820418
20820419
20820425
20820426
20820502
20820503
20820509
20820510
20820516
20820517
20820523
20820524
20820530
20820531
20820606
20820607
20820613
20820614
20820620
20820621
20820627
20820628
20820704
20820705
20820711
20820712
20820718
20820719
20820725
20820726
20820801
20820802
20820808
20820809
20820815
20820816
20820822
20820823
20820829
20820830
20820905
20820906
20820912
20820913
20820919
20820920
20820926
20820927
20821003
20821004
20821010
20821011
20821017
20821018
20821024
20821025
20821031
20821101
20821107
20821108
20821114
20821115
20821121
20821122
20821128
20821129
20821205
20821206
20821212
20821213
20821219
20821220
20821226
20821227
20830102
20830103
20830109
20830110
20830116
20830117
20830123
20830124
20830130
20830131
20830206
20830207
20830213
20830214
20830220
20830221
20830227
20830228
20830306
20830307
20830313
20830314
20830320
20830321
20830327
20830328
20830403
20830404
20830410
20830411
20830417
20830418
20830424
20830425
20830501
20830502
20830508
20830509
20830515
20830516
20830522
20830523
20830529
20830530
20830605
20830606
20830612
20830613
20830619
20830620
20830626
20830627
20830703
20830704
20830710
20830711
20830717
20830718
20830724
20830725
20830731
20830801
20830807
20830808
20830814
20830815
20830821
20830822
20830828
20830829
20830904
20830905
20830911
20830912
20830918
20830919
20830925
20830926
20831002
20831003
20831009
20831010
20831016
20831017
20831023
20831024
20831030
20831031
20831106
20831107
20831113
20831114
20831120
20831121
20831127
20831128
20831204
20831205
20831211
20831212
20831218
20831219
20831225
20831226
20840101
20840102
20840108
20840109
20840115
20840116
20840122
20840123
20840129
20840130
20840205
20840206
20840212
20840213
20840219
20840220
20840226
20840227
20840304
20840305
20840311
20840312
20840318
20840319
20840325
20840326
20840401
20840402
20840408
20840409
20840415
20840416
20840422
20840423
20840429
20840430
20840506
20840507
20840513
20840514
20840520
20840521
20840527
20840528
20840603
20840604
20840610
20840611
20840617
20840618
20840624
20840625
20840701
20840702
20840708
20840709
20840715
20840716
20840722
20840723
20840729
20840730
20840805
20840806
20840812
20840813
20840819
20840820
20840826
20840827
20840902
20840903
20840909
20840910
20840916
20840917
20840923
20840924
20840930
20841001
20841007
20841008
20841014
20841015
20841021
20841022
20841028
20841029
20841104
20841105
20841111
20841112
20841118
20841119
20841125
20841126
20841202
20841203
20841209
20841210
20841216
20841217
20841223
20841224
20841230
20841231
20850106
20850107
20850113
20850114
20850120
20850121
20850127
20850128
20850203
20850204
20850210
20850211
20850217
20850218
20850224
20850225
20850303
20850304
20850310
20850311
20850317
20850318
20850324
20850325
20850331
20850401
20850407
20850408
20850414
20850415
20850421
20850422
20850428
20850429
20850505
20850506
20850512
20850513
20850519
20850520
20850526
20850527
20850602
20850603
20850609
20850610
20850616
20850617
20850623
20850624
20850630
20850701
20850707
20850708
20850714
20850715
20850721
20850722
20850728
20850729
20850804
20850805
20850811
20850812
20850818
20850819
20850825
20850826
20850901
20850902
20850908
20850909
20850915
20850916
20850922
20850923
20850929
20850930
20851006
20851007
20851013
20851014
20851020
20851021
20851027
20851028
20851103
20851104
20851110
20851111
20851117
20851118
20851124
20851125
20851201
20851202
20851208
20851209
20851215
20851216
20851222
20851223
20851229
20851230
20860105
20860106
20860112
20860113
20860119
20860120
20860126
20860127
20860202
20860203
20860209
20860210
20860216
20860217
20860223
20860224
20860302
20860303
20860309
20860310
20860316
20860317
20860323
20860324
20860330
20860331
20860406
20860407
20860413
20860414
20860420
20860421
20860427
20860428
20860504
20860505
20860511
20860512
20860518
20860519
20860525
20860526
20860601
20860602
20860608
20860609
20860615
20860616
20860622
20860623
20860629
20860630
20860706
20860707
20860713
20860714
20860720
20860721
20860727
20860728
20860803
20860804
20860810
20860811
20860817
20860818
20860824
20860825
20860831
20860901
20860907
20860908
20860914
20860915
20860921
20860922
20860928
20860929
20861005
20861006
20861012
20861013
20861019
20861020
20861026
20861027
20861102
20861103
20861109
20861110
20861116
20861117
20861123
20861124
20861130
20861201
20861207
20861208
20861214
20861215
20861221
20861222
20861228
20861229
20870104
20870105
20870111
20870112
20870118
20870119
20870125
20870126
20870201
20870202
20870208
20870209
20870215
20870216
20870222
20870223
20870301
20870302
20870308
20870309
20870315
20870316
20870322
20870323
20870329
20870330
20870405
20870406
20870412
20870413
20870419
20870420
20870426
20870427
20870503
20870504
20870510
20870511
20870517
20870518
20870524
20870525
20870531
20870601
20870607
20870608
20870614
20870615
20870621
20870622
20870628
20870629
20870705
20870706
20870712
20870713
20870719
20870720
20870726
20870727
20870802
20870803
20870809
20870810
20870816
20870817
20870823
20870824
20870830
20870831
20870906
20870907
20870913
20870914
20870920
20870921
20870927
20870928
20871004
20871005
20871011
20871012
20871018
20871019
20871025
20871026
20871101
20871102
20871108
20871109
20871115
20871116
20871122
20871123
20871129
20871130
20871206
20871207
20871213
20871214
20871220
20871221
20871227
20871228
20880103
20880104
20880110
20880111
20880117
20880118
20880124
20880125
20880131
20880201
20880207
20880208
20880214
20880215
20880221
20880222
20880228
20880229
20880306
20880307
20880313
20880314
20880320
20880321
20880327
20880328
20880403
20880404
20880410
20880411
20880417
20880418
20880424
20880425
20880501
20880502
20880508
20880509
20880515
20880516
20880522
20880523
20880529
20880530
20880605
20880606
20880612
20880613
20880619
20880620
20880626
20880627
20880703
20880704
20880710
20880711
20880717
20880718
20880724
20880725
20880731
20880801
20880807
20880808
20880814
20880815
20880821
20880822
20880828
20880829
20880904
20880905
20880911
20880912
20880918
20880919
20880925
20880926
20881002
20881003
20881009
20881010
20881016
20881017
20881023
20881024
20881030
20881031
20881106
20881107
20881113
20881114
20881120
20881121
20881127
20881128
20881204
20881205
20881211
20881212
20881218
20881219
20881225
20881226
20890101
20890102
20890108
20890109
20890115
20890116
20890122
20890123
20890129
20890130
20890205
20890206
20890212
20890213
20890219
20890220
20890226
20890227
20890305
20890306
20890312
20890313
20890319
20890320
20890326
20890327
20890402
20890403
20890409
20890410
20890416
20890417
20890423
20890424
20890430
20890501
20890507
20890508
20890514
20890515
20890521
20890522
20890528
20890529
20890604
20890605
20890611
20890612
20890618
20890619
20890625
20890626
20890702
20890703
20890709
20890710
20890716
20890717
20890723
20890724
20890730
20890731
20890806
20890807
20890813
20890814
20890820
20890821
20890827
20890828
20890903
20890904
20890910
20890911
20890917
20890918
20890924
20890925
20891001
20891002
20891008
20891009
20891015
20891016
20891022
20891023
20891029
20891030
20891105
20891106
20891112
20891113
20891119
20891120
20891126
20891127
20891203
20891204
20891210
20891211
20891217
20891218
20891224
20891225
20891231
20900101
20900107
20900108
20900114
20900115
20900121
20900122
20900128
20900129
20900204
20900205
20900211
20900212
20900218
20900219
20900225
20900226
20900304
20900305
20900311
20900312
20900318
20900319
20900325
20900326
20900401
20900402
20900408
20900409
20900415
20900416
20900422
20900423
20900429
20900430
20900506
20900507
20900513
20900514
20900520
20900521
20900527
20900528
20900603
20900604
20900610
20900611
20900617
20900618
20900624
20900625
20900701
20900702
20900708
20900709
20900715
20900716
20900722
20900723
20900729
20900730
20900805
20900806
20900812
20900813
20900819
20900820
20900826
20900827
20900902
20900903
20900909
20900910
20900916
20900917
20900923
20900924
20900930
20901001
20901007
20901008
20901014
20901015
20901021
20901022
20901028
20901029
20901104
20901105
20901111
20901112
20901118
20901119
20901125
20901126
20901202
20901203
20901209
20901210
20901216
20901217
20901223
20901224
20901230
20901231
20910106
20910107
20910113
20910114
20910120
20910121
20910127
20910128
20910203
20910204
20910210
20910211
20910217
20910218
20910224
20910225
20910303
20910304
20910310
20910311
20910317
20910318
20910324
20910325
20910331
20910401
20910407
20910408
20910414
20910415
20910421
20910422
20910428
20910429
20910505
20910506
20910512
20910513
20910519
20910520
20910526
20910527
20910602
20910603
20910609
20910610
20910616
20910617
20910623
20910624
20910630
20910701
20910707
20910708
20910714
20910715
20910721
20910722
20910728
20910729
20910804
20910805
20910811
20910812
20910818
20910819
20910825
20910826
20910901
20910902
20910908
20910909
20910915
20910916
20910922
20910923
20910929
20910930
20911006
20911007
20911013
20911014
20911020
20911021
20911027
20911028
20911103
20911104
20911110
20911111
20911117
20911118
20911124
20911125
20911201
20911202
20911208
20911209
20911215
20911216
20911222
20911223
20911229
20911230
20920105
20920106
20920112
20920113
20920119
20920120
20920126
20920127
20920202
20920203
20920209
20920210
20920216
20920217
20920223
20920224
20920301
20920302
20920308
20920309
20920315
20920316
20920322
20920323
20920329
20920330
20920405
20920406
20920412
20920413
20920419
20920420
20920426
20920427
20920503
20920504
20920510
20920511
20920517
20920518
20920524
20920525
20920531
20920601
20920607
20920608
20920614
20920615
20920621
20920622
20920628
20920629
20920705
20920706
20920712
20920713
20920719
20920720
20920726
20920727
20920802
20920803
20920809
20920810
20920816
20920817
20920823
20920824
20920830
20920831
20920906
20920907
20920913
20920914
20920920
20920921
20920927
20920928
20921004
20921005
20921011
20921012
20921018
20921019
20921025
20921026
20921101
20921102
20921108
20921109
20921115
20921116
20921122
20921123
20921129
20921130
20921206
20921207
20921213
20921214
20921220
20921221
20921227
20921228
20930103
20930104
20930110
20930111
20930117
20930118
20930124
20930125
20930131
20930201
20930207
20930208
20930214
20930215
20930221
20930222
20930228
20930301
20930307
20930308
20930314
20930315
20930321
20930322
20930328
20930329
20930404
20930405
20930411
20930412
20930418
20930419
20930425
20930426
20930502
20930503
20930509
20930510
20930516
20930517
20930523
20930524
20930530
20930531
20930606
20930607
20930613
20930614
20930620
20930621
20930627
20930628
20930704
20930705
20930711
20930712
20930718
20930719
20930725
20930726
20930801
20930802
20930808
20930809
20930815
20930816
20930822
20930823
20930829
20930830
20930905
20930906
20930912
20930913
20930919
20930920
20930926
20930927
20931003
20931004
20931010
20931011
20931017
20931018
20931024
20931025
20931031
20931101
20931107
20931108
20931114
20931115
20931121
20931122
20931128
20931129
20931205
20931206
20931212
20931213
20931219
20931220
20931226
20931227
20940102
20940103
20940109
20940110
20940116
20940117
20940123
20940124
20940130
20940131
20940206
20940207
20940213
20940214
20940220
20940221
20940227
20940228
20940306
20940307
20940313
20940314
20940320
20940321
20940327
20940328
20940403
20940404
20940410
20940411
20940417
20940418
20940424
20940425
20940501
20940502
20940508
20940509
20940515
20940516
20940522
20940523
20940529
20940530
20940605
20940606
20940612
20940613
20940619
20940620
20940626
20940627
20940703
20940704
20940710
20940711
20940717
20940718
20940724
20940725
20940731
20940801
20940807
20940808
20940814
20940815
20940821
20940822
20940828
20940829
20940904
20940905
20940911
20940912
20940918
20940919
20940925
20940926
20941002
20941003
20941009
20941010
20941016
20941017
20941023
20941024
20941030
20941031
20941106
20941107
20941113
20941114
20941120
20941121
20941127
20941128
20941204
20941205
20941211
20941212
20941218
20941219
20941225
20941226
20950101
20950102
20950108
20950109
20950115
20950116
20950122
20950123
20950129
20950130
20950205
20950206
20950212
20950213
20950219
20950220
20950226
20950227
20950305
20950306
20950312
20950313
20950319
20950320
20950326
20950327
20950402
20950403
20950409
20950410
20950416
20950417
20950423
20950424
20950430
20950501
20950507
20950508
20950514
20950515
20950521
20950522
20950528
20950529
20950604
20950605
20950611
20950612
20950618
20950619
20950625
20950626
20950702
20950703
20950709
20950710
20950716
20950717
20950723
20950724
20950730
20950731
20950806
20950807
20950813
20950814
20950820
20950821
20950827
20950828
20950903
20950904
20950910
20950911
20950917
20950918
20950924
20950925
20951001
20951002
20951008
20951009
20951015
20951016
20951022
20951023
20951029
20951030
20951105
20951106
20951112
20951113
20951119
20951120
20951126
20951127
20951203
20951204
20951210
20951211
20951217
20951218
20951224
20951225
20951231
20960101
20960107
20960108
20960114
20960115
20960121
20960122
20960128
20960129
20960204
20960205
20960211
20960212
20960218
20960219
20960225
20960226
20960303
20960304
20960310
20960311
20960317
20960318
20960324
20960325
20960331
20960401
20960407
20960408
20960414
20960415
20960421
20960422
20960428
20960429
20960505
20960506
20960512
20960513
20960519
20960520
20960526
20960527
20960602
20960603
20960609
20960610
20960616
20960617
20960623
20960624
20960630
20960701
20960707
20960708
20960714
20960715
20960721
20960722
20960728
20960729
20960804
20960805
20960811
20960812
20960818
20960819
20960825
20960826
20960901
20960902
20960908
20960909
20960915
20960916
20960922
20960923
20960929
20960930
20961006
20961007
20961013
20961014
20961020
20961021
20961027
20961028
20961103
20961104
20961110
20961111
20961117
20961118
20961124
20961125
20961201
20961202
20961208
20961209
20961215
20961216
20961222
20961223
20961229
20961230
20970105
20970106
20970112
20970113
20970119
20970120
20970126
20970127
20970202
20970203
20970209
20970210
20970216
20970217
20970223
20970224
20970302
20970303
20970309
20970310
20970316
20970317
20970323
20970324
20970330
20970331
20970406
20970407
20970413
20970414
20970420
20970421
20970427
20970428
20970504
20970505
20970511
20970512
20970518
20970519
20970525
20970526
20970601
20970602
20970608
20970609
20970615
20970616
20970622
20970623
20970629
20970630
20970706
20970707
20970713
20970714
20970720
20970721
20970727
20970728
20970803
20970804
20970810
20970811
20970817
20970818
20970824
20970825
20970831
20970901
20970907
20970908
20970914
20970915
20970921
20970922
20970928
20970929
20971005
20971006
20971012
20971013
20971019
20971020
20971026
20971027
20971102
20971103
20971109
20971110
20971116
20971117
20971123
20971124
20971130
20971201
20971207
20971208
20971214
20971215
20971221
20971222
20971228
20971229
20980104
20980105
20980111
20980112
20980118
20980119
20980125
20980126
20980201
20980202
20980208
20980209
20980215
20980216
20980222
20980223
20980301
20980302
20980308
20980309
20980315
20980316
20980322
20980323
20980329
20980330
20980405
20980406
20980412
20980413
20980419
20980420
20980426
20980427
20980503
20980504
20980510
20980511
20980517
20980518
20980524
20980525
20980531
20980601
20980607
20980608
20980614
20980615
20980621
20980622
20980628
20980629
20980705
20980706
20980712
20980713
20980719
20980720
20980726
20980727
20980802
20980803
20980809
20980810
20980816
20980817
20980823
20980824
20980830
20980831
20980906
20980907
20980913
20980914
20980920
20980921
20980927
20980928
20981004
20981005
20981011
20981012
20981018
20981019
20981025
20981026
20981101
20981102
20981108
20981109
20981115
20981116
20981122
20981123
20981129
20981130
20981206
20981207
20981213
20981214
20981220
20981221
20981227
20981228
20990103
20990104
20990110
20990111
20990117
20990118
20990124
20990125
20990131
20990201
20990207
20990208
20990214
20990215
20990221
20990222
20990228
20990301
20990307
20990308
20990314
20990315
20990321
20990322
20990328
20990329
20990404
20990405
20990411
20990412
20990418
20990419
20990425
20990426
20990502
20990503
20990509
20990510
20990516
20990517
20990523
20990524
20990530
20990531
20990606
20990607
20990613
20990614
20990620
20990621
20990627
20990628
20990704
20990705
20990711
20990712
20990718
20990719
20990725
20990726
20990801
20990802
20990808
20990809
20990815
20990816
20990822
20990823
20990829
20990830
20990905
20990906
20990912
20990913
20990919
20990920
20990926
20990927
20991003
20991004
20991010
20991011
20991017
20991018
20991024
20991025
20991031
20991101
20991107
20991108
20991114
20991115
20991121
20991122
20991128
20991129
20991205
20991206
20991212
20991213
20991219
20991220
20991226
20991227
21000102
21000103
21000109
21000110
21000116
21000117
21000123
21000124
21000130
21000131
21000206
21000207
21000213
21000214
21000220
21000221
21000227
21000228
21000306
21000307
21000313
21000314
21000320
21000321
21000327
21000328
21000403
21000404
21000410
21000411
21000417
21000418
21000424
21000425
21000501
21000502
21000508
21000509
21000515
21000516
21000522
21000523
21000529
21000530
21000605
21000606
21000612
21000613
21000619
21000620
21000626
21000627
21000703
21000704
21000710
21000711
21000717
21000718
21000724
21000725
21000731
21000801
21000807
21000808
21000814
21000815
21000821
21000822
21000828
21000829
21000904
21000905
21000911
21000912
21000918
21000919
21000925
21000926
21001002
21001003
21001009
21001010
21001016
21001017
21001023
21001024
21001030
21001031
21001106
21001107
21001113
21001114
21001120
21001121
21001127
21001128
21001204
21001205
21001211
21001212
21001218
21001219
21001225
21001226
21010101
21010102
21010108
21010109
21010115
21010116
21010122
21010123
21010129
21010130
21010205
21010206
21010212
21010213
21010219
21010220
21010226
21010227
21010305
21010306
21010312
21010313
21010319
21010320
21010326
21010327
21010402
21010403
21010409
21010410
21010416
21010417
21010423
21010424
21010430
21010501
21010507
21010508
21010514
21010515
21010521
21010522
21010528
21010529
21010604
21010605
21010611
21010612
21010618
21010619
21010625
21010626
21010702
21010703
21010709
21010710
21010716
21010717
21010723
21010724
21010730
21010731
21010806
21010807
21010813
21010814
21010820
21010821
21010827
21010828
21010903
21010904
21010910
21010911
21010917
21010918
21010924
21010925
21011001
21011002
21011008
21011009
21011015
21011016
21011022
21011023
21011029
21011030
21011105
21011106
21011112
21011113
21011119
21011120
21011126
21011127
21011203
21011204
21011210
21011211
21011217
21011218
21011224
21011225
21011231
21020101
21020107
21020108
21020114
21020115
21020121
21020122
21020128
21020129
21020204
21020205
21020211
21020212
21020218
21020219
21020225
21020226
21020304
21020305
21020311
21020312
21020318
21020319
21020325
21020326
21020401
21020402
21020408
21020409
21020415
21020416
21020422
21020423
21020429
21020430
21020506
21020507
21020513
21020514
21020520
21020521
21020527
21020528
21020603
21020604
21020610
21020611
21020617
21020618
21020624
21020625
21020701
21020702
21020708
21020709
21020715
21020716
21020722
21020723
21020729
21020730
21020805
21020806
21020812
21020813
21020819
21020820
21020826
21020827
21020902
21020903
21020909
21020910
21020916
21020917
21020923
21020924
21020930
21021001
21021007
21021008
21021014
21021015
21021021
21021022
21021028
21021029
21021104
21021105
21021111
21021112
21021118
21021119
21021125
21021126
21021202
21021203
21021209
21021210
21021216
21021217
21021223
21021224
21021230
21021231
21030106
21030107
21030113
21030114
21030120
21030121
21030127
21030128
21030203
21030204
21030210
21030211
21030217
21030218
21030224
21030225
21030303
21030304
21030310
21030311
21030317
21030318
21030324
21030325
21030331
21030401
21030407
21030408
21030414
21030415
21030421
21030422
21030428
21030429
21030505
21030506
21030512
21030513
21030519
21030520
21030526
21030527
21030602
21030603
21030609
21030610
21030616
21030617
21030623
21030624
21030630
21030701
21030707
21030708
21030714
21030715
21030721
21030722
21030728
21030729
21030804
21030805
21030811
21030812
21030818
21030819
21030825
21030826
21030901
21030902
21030908
21030909
21030915
21030916
21030922
21030923
21030929
21030930
21031006
21031007
21031013
21031014
21031020
21031021
21031027
21031028
21031103
21031104
21031110
21031111
21031117
21031118
21031124
21031125
21031201
21031202
21031208
21031209
21031215
21031216
21031222
21031223
21031229
21031230
21040105
21040106
21040112
21040113
21040119
21040120
21040126
21040127
21040202
21040203
21040209
21040210
21040216
21040217
21040223
21040224
21040301
21040302
21040308
21040309
21040315
21040316
21040322
21040323
21040329
21040330
21040405
21040406
21040412
21040413
21040419
21040420
21040426
21040427
21040503
21040504
21040510
21040511
21040517
21040518
21040524
21040525
21040531
21040601
21040607
21040608
21040614
21040615
21040621
21040622
21040628
21040629
21040705
21040706
21040712
21040713
21040719
21040720
21040726
21040727
21040802
21040803
21040809
21040810
21040816
21040817
21040823
21040824
21040830
21040831
21040906
21040907
21040913
21040914
21040920
21040921
21040927
21040928
21041004
21041005
21041011
21041012
21041018
21041019
21041025
21041026
21041101
21041102
21041108
21041109
21041115
21041116
21041122
21041123
21041129
21041130
21041206
21041207
21041213
21041214
21041220
21041221
21041227
21041228
21050103
21050104
21050110
21050111
21050117
21050118
21050124
21050125
21050131
21050201
21050207
21050208
21050214
21050215
21050221
21050222
21050228
21050301
21050307
21050308
21050314
21050315
21050321
21050322
21050328
21050329
21050404
21050405
21050411
21050412
21050418
21050419
21050425
21050426
21050502
21050503
21050509
21050510
21050516
21050517
21050523
21050524
21050530
21050531
21050606
21050607
21050613
21050614
21050620
21050621
21050627
21050628
21050704
21050705
21050711
21050712
21050718
21050719
21050725
21050726
21050801
21050802
21050808
21050809
21050815
21050816
21050822
21050823
21050829
21050830
21050905
21050906
21050912
21050913
21050919
21050920
21050926
21050927
21051003
21051004
21051010
21051011
21051017
21051018
21051024
21051025
21051031
21051101
21051107
21051108
21051114
21051115
21051121
21051122
21051128
21051129
21051205
21051206
21051212
21051213
21051219
21051220
21051226
21051227
21060102
21060103
21060109
21060110
21060116
21060117
21060123
21060124
21060130
21060131
21060206
21060207
21060213
21060214
21060220
21060221
21060227
21060228
21060306
21060307
21060313
21060314
21060320
21060321
21060327
21060328
21060403
21060404
21060410
21060411
21060417
21060418
21060424
21060425
21060501
21060502
21060508
21060509
21060515
21060516
21060522
21060523
21060529
21060530
21060605
21060606
21060612
21060613
21060619
21060620
21060626
21060627
21060703
21060704
21060710
21060711
21060717
21060718
21060724
21060725
21060731
21060801
21060807
21060808
21060814
21060815
21060821
21060822
21060828
21060829
21060904
21060905
21060911
21060912
21060918
21060919
21060925
21060926
21061002
21061003
21061009
21061010
21061016
21061017
21061023
21061024
21061030
21061031
21061106
21061107
21061113
21061114
21061120
21061121
21061127
21061128
21061204
21061205
21061211
21061212
21061218
21061219
21061225
21061226
21070101
21070102
21070108
21070109
21070115
21070116
21070122
21070123
21070129
21070130
21070205
21070206
21070212
21070213
21070219
21070220
21070226
21070227
21070305
21070306
21070312
21070313
21070319
21070320
21070326
21070327
21070402
21070403
21070409
21070410
21070416
21070417
21070423
21070424
21070430
21070501
21070507
21070508
21070514
21070515
21070521
21070522
21070528
21070529
21070604
21070605
21070611
21070612
21070618
21070619
21070625
21070626
21070702
21070703
21070709
21070710
21070716
21070717
21070723
21070724
21070730
21070731
21070806
21070807
21070813
21070814
21070820
21070821
21070827
21070828
21070903
21070904
21070910
21070911
21070917
21070918
21070924
21070925
21071001
21071002
21071008
21071009
21071015
21071016
21071022
21071023
21071029
21071030
21071105
21071106
21071112
21071113
21071119
21071120
21071126
21071127
21071203
21071204
21071210
21071211
21071217
21071218
21071224
21071225
21071231
21080101
21080107
21080108
21080114
21080115
21080121
21080122
21080128
21080129
21080204
21080205
21080211
21080212
21080218
21080219
21080225
21080226
21080303
21080304
21080310
21080311
21080317
21080318
21080324
21080325
21080331
21080401
21080407
21080408
21080414
21080415
21080421
21080422
21080428
21080429
21080505
21080506
21080512
21080513
21080519
21080520
21080526
21080527
21080602
21080603
21080609
21080610
21080616
21080617
21080623
21080624
21080630
21080701
21080707
21080708
21080714
21080715
21080721
21080722
21080728
21080729
21080804
21080805
21080811
21080812
21080818
21080819
21080825
21080826
21080901
21080902
21080908
21080909
21080915
21080916
21080922
21080923
21080929
21080930
21081006
21081007
21081013
21081014
21081020
21081021
21081027
21081028
21081103
21081104
21081110
21081111
21081117
21081118
21081124
21081125
21081201
21081202
21081208
21081209
21081215
21081216
21081222
21081223
21081229
21081230
21090105
21090106
21090112
21090113
21090119
21090120
21090126
21090127
21090202
21090203
21090209
21090210
21090216
21090217
21090223
21090224
21090302
21090303
21090309
21090310
21090316
21090317
21090323
21090324
21090330
21090331
21090406
21090407
21090413
21090414
21090420
21090421
21090427
21090428
21090504
21090505
21090511
21090512
21090518
21090519
21090525
21090526
21090601
21090602
21090608
21090609
21090615
21090616
21090622
21090623
21090629
21090630
21090706
21090707
21090713
21090714
21090720
21090721
21090727
21090728
21090803
21090804
21090810
21090811
21090817
21090818
21090824
21090825
21090831
21090901
21090907
21090908
21090914
21090915
21090921
21090922
21090928
21090929
21091005
21091006
21091012
21091013
21091019
21091020
21091026
21091027
21091102
21091103
21091109
21091110
21091116
21091117
21091123
21091124
21091130
21091201
21091207
21091208
21091214
21091215
21091221
21091222
21091228
21091229
21100104
21100105
21100111
21100112
21100118
21100119
21100125
21100126
21100201
21100202
21100208
21100209
21100215
21100216
21100222
21100223
21100301
21100302
21100308
21100309
21100315
21100316
21100322
21100323
21100329
21100330
21100405
21100406
21100412
21100413
21100419
21100420
21100426
21100427
21100503
21100504
21100510
21100511
21100517
21100518
21100524
21100525
21100531
21100601
21100607
21100608
21100614
21100615
21100621
21100622
21100628
21100629
21100705
21100706
21100712
21100713
21100719
21100720
21100726
21100727
21100802
21100803
21100809
21100810
21100816
21100817
21100823
21100824
21100830
21100831
21100906
21100907
21100913
21100914
21100920
21100921
21100927
21100928
21101004
21101005
21101011
21101012
21101018
21101019
21101025
21101026
21101101
21101102
21101108
21101109
21101115
21101116
21101122
21101123
21101129
21101130
21101206
21101207
21101213
21101214
21101220
21101221
21101227
21101228
21110103
21110104
21110110
21110111
21110117
21110118
21110124
21110125
21110131
21110201
21110207
21110208
21110214
21110215
21110221
21110222
21110228
21110301
21110307
21110308
21110314
21110315
21110321
21110322
21110328
21110329
21110404
21110405
21110411
21110412
21110418
21110419
21110425
21110426
21110502
21110503
21110509
21110510
21110516
21110517
21110523
21110524
21110530
21110531
21110606
21110607
21110613
21110614
21110620
21110621
21110627
21110628
21110704
21110705
21110711
21110712
21110718
21110719
21110725
21110726
21110801
21110802
21110808
21110809
21110815
21110816
21110822
21110823
21110829
21110830
21110905
21110906
21110912
21110913
21110919
21110920
21110926
21110927
21111003
21111004
21111010
21111011
21111017
21111018
21111024
21111025
21111031
21111101
21111107
21111108
21111114
21111115
21111121
21111122
21111128
21111129
21111205
21111206
21111212
21111213
21111219
21111220
21111226
21111227
21120102
21120103
21120109
21120110
21120116
21120117
21120123
21120124
21120130
21120131
21120206
21120207
21120213
21120214
21120220
21120221
21120227
21120228
21120305
21120306
21120312
21120313
21120319
21120320
21120326
21120327
21120402
21120403
21120409
21120410
21120416
21120417
21120423
21120424
21120430
21120501
21120507
21120508
21120514
21120515
21120521
21120522
21120528
21120529
21120604
21120605
21120611
21120612
21120618
21120619
21120625
21120626
21120702
21120703
21120709
21120710
21120716
21120717
21120723
21120724
21120730
21120731
21120806
21120807
21120813
21120814
21120820
21120821
21120827
21120828
21120903
21120904
21120910
21120911
21120917
21120918
21120924
21120925
21121001
21121002
21121008
21121009
21121015
21121016
21121022
21121023
21121029
21121030
21121105
21121106
21121112
21121113
21121119
21121120
21121126
21121127
21121203
21121204
21121210
21121211
21121217
21121218
21121224
21121225
21121231
21130101
21130107
21130108
21130114
21130115
21130121
21130122
21130128
21130129
21130204
21130205
21130211
21130212
21130218
21130219
21130225
21130226
21130304
21130305
21130311
21130312
21130318
21130319
21130325
21130326
21130401
21130402
21130408
21130409
21130415
21130416
21130422
21130423
21130429
21130430
21130506
21130507
21130513
21130514
21130520
21130521
21130527
21130528
21130603
21130604
21130610
21130611
21130617
21130618
21130624
21130625
21130701
21130702
21130708
21130709
21130715
21130716
21130722
21130723
21130729
21130730
21130805
21130806
21130812
21130813
21130819
21130820
21130826
21130827
21130902
21130903
21130909
21130910
21130916
21130917
21130923
21130924
21130930
21131001
21131007
21131008
21131014
21131015
21131021
21131022
21131028
21131029
21131104
21131105
21131111
21131112
21131118
21131119
21131125
21131126
21131202
21131203
21131209
21131210
21131216
21131217
21131223
21131224
21131230
21131231
21140106
21140107
21140113
21140114
21140120
21140121
21140127
21140128
21140203
21140204
21140210
21140211
21140217
21140218
21140224
21140225
21140303
21140304
21140310
21140311
21140317
21140318
21140324
21140325
21140331
21140401
21140407
21140408
21140414
21140415
21140421
21140422
21140428
21140429
21140505
21140506
21140512
21140513
21140519
21140520
21140526
21140527
21140602
21140603
21140609
21140610
21140616
21140617
21140623
21140624
21140630
21140701
21140707
21140708
21140714
21140715
21140721
21140722
21140728
21140729
21140804
21140805
21140811
21140812
21140818
21140819
21140825
21140826
21140901
21140902
21140908
21140909
21140915
21140916
21140922
21140923
21140929
21140930
21141006
21141007
21141013
21141014
21141020
21141021
21141027
21141028
21141103
21141104
21141110
21141111
21141117
21141118
21141124
21141125
21141201
21141202
21141208
21141209
21141215
21141216
21141222
21141223
21141229
21141230
21150105
21150106
21150112
21150113
21150119
21150120
21150126
21150127
21150202
21150203
21150209
21150210
21150216
21150217
21150223
21150224
21150302
21150303
21150309
21150310
21150316
21150317
21150323
21150324
21150330
21150331
21150406
21150407
21150413
21150414
21150420
21150421
21150427
21150428
21150504
21150505
21150511
21150512
21150518
21150519
21150525
21150526
21150601
21150602
21150608
21150609
21150615
21150616
21150622
21150623
21150629
21150630
21150706
21150707
21150713
21150714
21150720
21150721
21150727
21150728
21150803
21150804
21150810
21150811
21150817
21150818
21150824
21150825
21150831
21150901
21150907
21150908
21150914
21150915
21150921
21150922
21150928
21150929
21151005
21151006
21151012
21151013
21151019
21151020
21151026
21151027
21151102
21151103
21151109
21151110
21151116
21151117
21151123
21151124
21151130
21151201
21151207
21151208
21151214
21151215
21151221
21151222
21151228
21151229
21160104
21160105
21160111
21160112
21160118
21160119
21160125
21160126
21160201
21160202
21160208
21160209
21160215
21160216
21160222
21160223
21160229
21160301
21160307
21160308
21160314
21160315
21160321
21160322
21160328
21160329
21160404
21160405
21160411
21160412
21160418
21160419
21160425
21160426
21160502
21160503
21160509
21160510
21160516
21160517
21160523
21160524
21160530
21160531
21160606
21160607
21160613
21160614
21160620
21160621
21160627
21160628
21160704
21160705
21160711
21160712
21160718
21160719
21160725
21160726
21160801
21160802
21160808
21160809
21160815
21160816
21160822
21160823
21160829
21160830
21160905
21160906
21160912
21160913
21160919
21160920
21160926
21160927
21161003
21161004
21161010
21161011
21161017
21161018
21161024
21161025
21161031
21161101
21161107
21161108
21161114
21161115
21161121
21161122
21161128
21161129
21161205
21161206
21161212
21161213
21161219
21161220
21161226
21161227
21170102
21170103
21170109
21170110
21170116
21170117
21170123
21170124
21170130
21170131
21170206
21170207
21170213
21170214
21170220
21170221
21170227
21170228
21170306
21170307
21170313
21170314
21170320
21170321
21170327
21170328
21170403
21170404
21170410
21170411
21170417
21170418
21170424
21170425
21170501
21170502
21170508
21170509
21170515
21170516
21170522
21170523
21170529
21170530
21170605
21170606
21170612
21170613
21170619
21170620
21170626
21170627
21170703
21170704
21170710
21170711
21170717
21170718
21170724
21170725
21170731
21170801
21170807
21170808
21170814
21170815
21170821
21170822
21170828
21170829
21170904
21170905
21170911
21170912
21170918
21170919
21170925
21170926
21171002
21171003
21171009
21171010
21171016
21171017
21171023
21171024
21171030
21171031
21171106
21171107
21171113
21171114
21171120
21171121
21171127
21171128
21171204
21171205
21171211
21171212
21171218
21171219
21171225
21171226
21180101
21180102
21180108
21180109
21180115
21180116
21180122
21180123
21180129
21180130
21180205
21180206
21180212
21180213
21180219
21180220
21180226
21180227
21180305
21180306
21180312
21180313
21180319
21180320
21180326
21180327
21180402
21180403
21180409
21180410
21180416
21180417
21180423
21180424
21180430
21180501
21180507
21180508
21180514
21180515
21180521
21180522
21180528
21180529
21180604
21180605
21180611
21180612
21180618
21180619
21180625
21180626
21180702
21180703
21180709
21180710
21180716
21180717
21180723
21180724
21180730
21180731
21180806
21180807
21180813
21180814
21180820
21180821
21180827
21180828
21180903
21180904
21180910
21180911
21180917
21180918
21180924
21180925
21181001
21181002
21181008
21181009
21181015
21181016
21181022
21181023
21181029
21181030
21181105
21181106
21181112
21181113
21181119
21181120
21181126
21181127
21181203
21181204
21181210
21181211
21181217
21181218
21181224
21181225
21181231
21190101
21190107
21190108
21190114
21190115
21190121
21190122
21190128
21190129
21190204
21190205
21190211
21190212
21190218
21190219
21190225
21190226
21190304
21190305
21190311
21190312
21190318
21190319
21190325
21190326
21190401
21190402
21190408
21190409
21190415
21190416
21190422
21190423
21190429
21190430
21190506
21190507
21190513
21190514
21190520
21190521
21190527
21190528
21190603
21190604
21190610
21190611
21190617
21190618
21190624
21190625
21190701
21190702
21190708
21190709
21190715
21190716
21190722
21190723
21190729
21190730
21190805
21190806
21190812
21190813
21190819
21190820
21190826
21190827
21190902
21190903
21190909
21190910
21190916
21190917
21190923
21190924
21190930
21191001
21191007
21191008
21191014
21191015
21191021
21191022
21191028
21191029
21191104
21191105
21191111
21191112
21191118
21191119
21191125
21191126
21191202
21191203
21191209
21191210
21191216
21191217
21191223
21191224
21191230
21191231
21200106
21200107
21200113
21200114
21200120
21200121
21200127
21200128
21200203
21200204
21200210
21200211
21200217
21200218
21200224
21200225
21200302
21200303
21200309
21200310
21200316
21200317
21200323
21200324
21200330
21200331
21200406
21200407
21200413
21200414
21200420
21200421
21200427
21200428
21200504
21200505
21200511
21200512
21200518
21200519
21200525
21200526
21200601
21200602
21200608
21200609
21200615
21200616
21200622
21200623
21200629
21200630
21200706
21200707
21200713
21200714
21200720
21200721
21200727
21200728
21200803
21200804
21200810
21200811
21200817
21200818
21200824
21200825
21200831
21200901
21200907
21200908
21200914
21200915
21200921
21200922
21200928
21200929
21201005
21201006
21201012
21201013
21201019
21201020
21201026
21201027
21201102
21201103
21201109
21201110
21201116
21201117
21201123
21201124
21201130
21201201
21201207
21201208
21201214
21201215
21201221
21201222
21201228
21201229

